0.201,0.206,0.209,0.213,0.216,0.218,0.22,0.222,0.223,0.224,0.225,0.226,0.226,0.226,0.225,0.225,0.224,0.224,0.223,0.222,0.221,0.22,0.219,0.218,0.217,0.215,0.215,0.214,0.213,0.212,0.212,0.211,0.211,0.211,0.211,0.212,0.212,0.212,0.212,0.212,0.212,0.212,0.212,0.212,0.211,0.21,0.209,0.208,0.207,0.205,0.203,0.201,0.199,0.197,0.195,0.193,0.191,0.188,0.186,0.184,0.182,0.18,0.178,0.176,0.174,0.172,0.17,0.169,0.167,0.165,0.164,0.162,0.16,0.159,0.157,0.155,0.154,0.152,0.15,0.148,0.146,0.144,0.142,0.14,0.138,0.136,0.133,0.131,0.128,0.126
0.201,0.206,0.21,0.213,0.216,0.218,0.221,0.222,0.224,0.225,0.225,0.226,0.226,0.226,0.226,0.225,0.224,0.224,0.223,0.222,0.22,0.219,0.218,0.217,0.216,0.215,0.214,0.213,0.212,0.211,0.211,0.21,0.21,0.21,0.21,0.21,0.21,0.21,0.21,0.211,0.211,0.211,0.21,0.21,0.21,0.209,0.208,0.207,0.206,0.204,0.203,0.201,0.199,0.197,0.195,0.193,0.191,0.189,0.187,0.184,0.182,0.18,0.178,0.177,0.175,0.173,0.171,0.169,0.168,0.166,0.164,0.163,0.161,0.159,0.158,0.156,0.154,0.152,0.15,0.149,0.147,0.145,0.142,0.14,0.138,0.136,0.133,0.131,0.128,0.126
0.202,0.206,0.21,0.213,0.216,0.219,0.221,0.223,0.224,0.225,0.226,0.226,0.226,0.226,0.226,0.225,0.224,0.223,0.222,0.221,0.22,0.219,0.218,0.216,0.215,0.214,0.213,0.212,0.211,0.21,0.209,0.209,0.209,0.209,0.209,0.209,0.209,0.209,0.209,0.209,0.209,0.209,0.209,0.209,0.208,0.208,0.207,0.206,0.205,0.203,0.202,0.2,0.199,0.197,0.195,0.193,0.191,0.189,0.187,0.185,0.183,0.181,0.179,0.177,0.175,0.174,0.172,0.17,0.168,0.167,0.165,0.163,0.161,0.16,0.158,0.156,0.154,0.153,0.151,0.149,0.147,0.145,0.143,0.14,0.138,0.136,0.133,0.131,0.128,0.126
0.202,0.206,0.21,0.214,0.217,0.219,0.221,0.223,0.224,0.225,0.226,0.226,0.226,0.226,0.226,0.225,0.224,0.223,0.222,0.221,0.22,0.219,0.217,0.216,0.215,0.213,0.212,0.211,0.21,0.209,0.208,0.208,0.208,0.207,0.207,0.207,0.207,0.208,0.208,0.208,0.208,0.208,0.208,0.208,0.207,0.207,0.206,0.205,0.204,0.203,0.201,0.2,0.198,0.196,0.195,0.193,0.191,0.189,0.187,0.185,0.183,0.181,0.18,0.178,0.176,0.174,0.172,0.171,0.169,0.167,0.165,0.164,0.162,0.16,0.158,0.157,0.155,0.153,0.151,0.149,0.147,0.145,0.143,0.14,0.138,0.136,0.133,0.131,0.128,0.125
0.202,0.206,0.21,0.214,0.217,0.22,0.222,0.223,0.225,0.226,0.226,0.227,0.227,0.226,0.226,0.225,0.224,0.223,0.222,0.221,0.22,0.218,0.217,0.216,0.214,0.213,0.212,0.21,0.209,0.208,0.208,0.207,0.207,0.206,0.206,0.206,0.206,0.206,0.207,0.207,0.207,0.207,0.207,0.206,0.206,0.206,0.205,0.204,0.203,0.202,0.201,0.199,0.198,0.196,0.194,0.193,0.191,0.189,0.187,0.185,0.184,0.182,0.18,0.178,0.176,0.175,0.173,0.171,0.169,0.168,0.166,0.164,0.162,0.161,0.159,0.157,0.155,0.153,0.151,0.149,0.147,0.145,0.143,0.14,0.138,0.136,0.133,0.131,0.128,0.125
0.202,0.207,0.211,0.214,0.217,0.22,0.222,0.224,0.225,0.226,0.227,0.227,0.227,0.227,0.226,0.225,0.225,0.223,0.222,0.221,0.22,0.218,0.217,0.215,0.214,0.212,0.211,0.21,0.209,0.208,0.207,0.206,0.206,0.206,0.205,0.205,0.205,0.205,0.205,0.206,0.206,0.206,0.206,0.205,0.205,0.205,0.204,0.203,0.202,0.201,0.2,0.199,0.197,0.196,0.194,0.193,0.191,0.189,0.188,0.186,0.184,0.182,0.18,0.179,0.177,0.175,0.173,0.172,0.17,0.168,0.166,0.165,0.163,0.161,0.159,0.157,0.155,0.153,0.151,0.149,0.147,0.145,0.143,0.14,0.138,0.136,0.133,0.131,0.128,0.125
0.202,0.207,0.211,0.214,0.218,0.22,0.222,0.224,0.225,0.226,0.227,0.227,0.227,0.227,0.226,0.226,0.225,0.224,0.222,0.221,0.22,0.218,0.217,0.215,0.213,0.212,0.211,0.209,0.208,0.207,0.206,0.206,0.205,0.205,0.205,0.204,0.204,0.204,0.205,0.205,0.205,0.205,0.205,0.204,0.204,0.204,0.203,0.203,0.202,0.201,0.2,0.198,0.197,0.196,0.194,0.193,0.191,0.189,0.188,0.186,0.184,0.183,0.181,0.179,0.177,0.176,0.174,0.172,0.17,0.169,0.167,0.165,0.163,0.161,0.159,0.157,0.155,0.153,0.151,0.149,0.147,0.145,0.142,0.14,0.138,0.135,0.133,0.131,0.128,0.125
0.202,0.207,0.211,0.215,0.218,0.22,0.223,0.224,0.226,0.227,0.227,0.227,0.227,0.227,0.227,0.226,0.225,0.224,0.222,0.221,0.22,0.218,0.216,0.215,0.213,0.212,0.21,0.209,0.208,0.207,0.206,0.205,0.204,0.204,0.204,0.204,0.204,0.204,0.204,0.204,0.204,0.204,0.204,0.204,0.203,0.203,0.203,0.202,0.201,0.2,0.199,0.198,0.197,0.196,0.194,0.193,0.191,0.19,0.188,0.186,0.185,0.183,0.181,0.18,0.178,0.176,0.174,0.173,0.171,0.169,0.167,0.165,0.163,0.161,0.159,0.157,0.155,0.153,0.151,0.149,0.147,0.145,0.142,0.14,0.138,0.135,0.133,0.13,0.128,0.125
0.202,0.207,0.211,0.215,0.218,0.221,0.223,0.225,0.226,0.227,0.228,0.228,0.228,0.227,0.227,0.226,0.225,0.224,0.222,0.221,0.22,0.218,0.216,0.215,0.213,0.211,0.21,0.209,0.207,0.206,0.205,0.204,0.204,0.203,0.203,0.203,0.203,0.203,0.203,0.203,0.203,0.203,0.203,0.203,0.203,0.202,0.202,0.201,0.201,0.2,0.199,0.198,0.197,0.195,0.194,0.193,0.191,0.19,0.188,0.187,0.185,0.183,0.182,0.18,0.178,0.176,0.175,0.173,0.171,0.169,0.167,0.165,0.164,0.162,0.16,0.158,0.155,0.153,0.151,0.149,0.147,0.145,0.142,0.14,0.138,0.135,0.133,0.13,0.128,0.125
0.202,0.207,0.212,0.215,0.218,0.221,0.223,0.225,0.226,0.227,0.228,0.228,0.228,0.228,0.227,0.226,0.225,0.224,0.223,0.221,0.22,0.218,0.216,0.215,0.213,0.211,0.21,0.208,0.207,0.206,0.205,0.204,0.203,0.203,0.203,0.202,0.202,0.202,0.202,0.202,0.202,0.202,0.202,0.202,0.202,0.202,0.201,0.201,0.2,0.199,0.199,0.198,0.196,0.195,0.194,0.193,0.191,0.19,0.188,0.187,0.185,0.184,0.182,0.18,0.179,0.177,0.175,0.173,0.171,0.169,0.168,0.166,0.164,0.162,0.16,0.158,0.156,0.153,0.151,0.149,0.147,0.145,0.142,0.14,0.138,0.135,0.133,0.13,0.128,0.125
0.203,0.207,0.212,0.215,0.219,0.221,0.224,0.225,0.227,0.228,0.228,0.228,0.228,0.228,0.227,0.226,0.225,0.224,0.223,0.221,0.22,0.218,0.216,0.215,0.213,0.211,0.21,0.208,0.207,0.206,0.205,0.204,0.203,0.203,0.202,0.202,0.202,0.202,0.202,0.202,0.202,0.202,0.202,0.202,0.202,0.201,0.201,0.2,0.2,0.199,0.198,0.197,0.196,0.195,0.194,0.193,0.191,0.19,0.188,0.187,0.185,0.184,0.182,0.181,0.179,0.177,0.175,0.173,0.172,0.17,0.168,0.166,0.164,0.162,0.16,0.158,0.156,0.153,0.151,0.149,0.147,0.144,0.142,0.14,0.137,0.135,0.133,0.13,0.128,0.125
0.203,0.208,0.212,0.216,0.219,0.222,0.224,0.226,0.227,0.228,0.228,0.229,0.229,0.228,0.228,0.227,0.226,0.224,0.223,0.221,0.22,0.218,0.216,0.215,0.213,0.211,0.21,0.208,0.207,0.205,0.204,0.203,0.203,0.202,0.202,0.202,0.202,0.201,0.201,0.201,0.201,0.201,0.201,0.201,0.201,0.201,0.201,0.2,0.2,0.199,0.198,0.197,0.196,0.195,0.194,0.193,0.191,0.19,0.189,0.187,0.186,0.184,0.182,0.181,0.179,0.177,0.175,0.174,0.172,0.17,0.168,0.166,0.164,0.162,0.16,0.158,0.156,0.153,0.151,0.149,0.147,0.144,0.142,0.14,0.137,0.135,0.133,0.13,0.128,0.125
0.203,0.208,0.212,0.216,0.219,0.222,0.224,0.226,0.227,0.228,0.229,0.229,0.229,0.229,0.228,0.227,0.226,0.225,0.223,0.222,0.22,0.218,0.216,0.215,0.213,0.211,0.21,0.208,0.207,0.205,0.204,0.203,0.203,0.202,0.202,0.201,0.201,0.201,0.201,0.201,0.201,0.201,0.201,0.201,0.201,0.201,0.2,0.2,0.199,0.199,0.198,0.197,0.196,0.195,0.194,0.193,0.191,0.19,0.189,0.187,0.186,0.184,0.183,0.181,0.179,0.177,0.176,0.174,0.172,0.17,0.168,0.166,0.164,0.162,0.16,0.158,0.156,0.153,0.151,0.149,0.147,0.144,0.142,0.14,0.137,0.135,0.132,0.13,0.128,0.125
0.203,0.208,0.212,0.216,0.219,0.222,0.224,0.226,0.227,0.228,0.229,0.229,0.229,0.229,0.228,0.227,0.226,0.225,0.223,0.222,0.22,0.218,0.217,0.215,0.213,0.211,0.21,0.208,0.207,0.205,0.204,0.203,0.202,0.202,0.201,0.201,0.201,0.201,0.201,0.201,0.201,0.201,0.201,0.201,0.201,0.2,0.2,0.2,0.199,0.198,0.198,0.197,0.196,0.195,0.194,0.193,0.191,0.19,0.189,0.187,0.186,0.184,0.183,0.181,0.179,0.178,0.176,0.174,0.172,0.17,0.168,0.166,0.164,0.162,0.16,0.158,0.155,0.153,0.151,0.149,0.146,0.144,0.142,0.139,0.137,0.135,0.132,0.13,0.128,0.125
0.203,0.208,0.212,0.216,0.219,0.222,0.225,0.226,0.228,0.229,0.229,0.23,0.229,0.229,0.228,0.228,0.226,0.225,0.224,0.222,0.22,0.219,0.217,0.215,0.213,0.211,0.21,0.208,0.207,0.205,0.204,0.203,0.202,0.202,0.201,0.201,0.201,0.201,0.201,0.201,0.201,0.201,0.201,0.2,0.2,0.2,0.2,0.199,0.199,0.198,0.198,0.197,0.196,0.195,0.194,0.193,0.191,0.19,0.189,0.187,0.186,0.184,0.183,0.181,0.179,0.178,0.176,0.174,0.172,0.17,0.168,0.166,0.164,0.162,0.16,0.158,0.155,0.153,0.151,0.149,0.146,0.144,0.142,0.139,0.137,0.135,0.132,0.13,0.127,0.125
0.203,0.208,0.212,0.216,0.22,0.222,0.225,0.227,0.228,0.229,0.23,0.23,0.23,0.229,0.229,0.228,0.227,0.225,0.224,0.222,0.221,0.219,0.217,0.215,0.213,0.212,0.21,0.208,0.207,0.205,0.204,0.203,0.202,0.202,0.201,0.201,0.201,0.201,0.2,0.2,0.2,0.2,0.2,0.2,0.2,0.2,0.2,0.199,0.199,0.198,0.197,0.197,0.196,0.195,0.194,0.193,0.192,0.19,0.189,0.188,0.186,0.184,0.183,0.181,0.18,0.178,0.176,0.174,0.172,0.17,0.168,0.166,0.164,0.162,0.16,0.157,0.155,0.153,0.151,0.148,0.146,0.144,0.142,0.139,0.137,0.134,0.132,0.13,0.127,0.125
0.203,0.208,0.212,0.216,0.22,0.223,0.225,0.227,0.228,0.229,0.23,0.23,0.23,0.23,0.229,0.228,0.227,0.226,0.224,0.223,0.221,0.219,0.217,0.215,0.213,0.212,0.21,0.208,0.207,0.205,0.204,0.203,0.202,0.202,0.201,0.201,0.201,0.201,0.2,0.2,0.2,0.2,0.2,0.2,0.2,0.2,0.2,0.199,0.199,0.198,0.197,0.197,0.196,0.195,0.194,0.193,0.192,0.19,0.189,0.188,0.186,0.185,0.183,0.181,0.18,0.178,0.176,0.174,0.172,0.17,0.168,0.166,0.164,0.162,0.16,0.157,0.155,0.153,0.151,0.148,0.146,0.144,0.141,0.139,0.137,0.134,0.132,0.13,0.127,0.125
0.203,0.208,0.212,0.216,0.22,0.223,0.225,0.227,0.228,0.229,0.23,0.23,0.23,0.23,0.229,0.228,0.227,0.226,0.224,0.223,0.221,0.219,0.217,0.216,0.214,0.212,0.21,0.208,0.207,0.206,0.204,0.203,0.202,0.202,0.201,0.201,0.201,0.201,0.2,0.2,0.2,0.2,0.2,0.2,0.2,0.2,0.199,0.199,0.199,0.198,0.197,0.197,0.196,0.195,0.194,0.193,0.192,0.19,0.189,0.188,0.186,0.185,0.183,0.181,0.18,0.178,0.176,0.174,0.172,0.17,0.168,0.166,0.164,0.162,0.159,0.157,0.155,0.153,0.15,0.148,0.146,0.144,0.141,0.139,0.137,0.134,0.132,0.13,0.127,0.125
0.203,0.208,0.212,0.217,0.22,0.223,0.225,0.227,0.229,0.23,0.23,0.231,0.231,0.23,0.23,0.229,0.227,0.226,0.225,0.223,0.221,0.22,0.218,0.216,0.214,0.212,0.21,0.209,0.207,0.206,0.204,0.203,0.203,0.202,0.201,0.201,0.201,0.201,0.2,0.2,0.2,0.2,0.2,0.2,0.2,0.2,0.199,0.199,0.199,0.198,0.197,0.197,0.196,0.195,0.194,0.193,0.191,0.19,0.189,0.188,0.186,0.184,0.183,0.181,0.179,0.178,0.176,0.174,0.172,0.17,0.168,0.166,0.164,0.161,0.159,0.157,0.155,0.153,0.15,0.148,0.146,0.143,0.141,0.139,0.136,0.134,0.132,0.129,0.127,0.125
0.203,0.208,0.213,0.217,0.22,0.223,0.225,0.227,0.229,0.23,0.231,0.231,0.231,0.23,0.23,0.229,0.228,0.226,0.225,0.223,0.222,0.22,0.218,0.216,0.214,0.212,0.211,0.209,0.207,0.206,0.205,0.204,0.203,0.202,0.202,0.201,0.201,0.201,0.201,0.2,0.2,0.2,0.2,0.2,0.2,0.2,0.199,0.199,0.199,0.198,0.197,0.197,0.196,0.195,0.194,0.193,0.191,0.19,0.189,0.187,0.186,0.184,0.183,0.181,0.179,0.178,0.176,0.174,0.172,0.17,0.168,0.166,0.163,0.161,0.159,0.157,0.155,0.152,0.15,0.148,0.146,0.143,0.141,0.139,0.136,0.134,0.132,0.129,0.127,0.125
0.202,0.208,0.212,0.217,0.22,0.223,0.226,0.227,0.229,0.23,0.231,0.231,0.231,0.231,0.23,0.229,0.228,0.227,0.225,0.224,0.222,0.22,0.218,0.216,0.214,0.213,0.211,0.209,0.208,0.206,0.205,0.204,0.203,0.202,0.202,0.201,0.201,0.201,0.201,0.201,0.2,0.2,0.2,0.2,0.2,0.2,0.2,0.199,0.199,0.198,0.197,0.197,0.196,0.195,0.194,0.193,0.191,0.19,0.189,0.187,0.186,0.184,0.183,0.181,0.179,0.177,0.176,0.174,0.172,0.17,0.168,0.165,0.163,0.161,0.159,0.157,0.154,0.152,0.15,0.148,0.145,0.143,0.141,0.138,0.136,0.134,0.132,0.129,0.127,0.125
0.202,0.208,0.212,0.217,0.22,0.223,0.226,0.228,0.229,0.23,0.231,0.231,0.231,0.231,0.23,0.229,0.228,0.227,0.225,0.224,0.222,0.22,0.218,0.217,0.215,0.213,0.211,0.209,0.208,0.206,0.205,0.204,0.203,0.202,0.202,0.202,0.201,0.201,0.201,0.201,0.201,0.201,0.2,0.2,0.2,0.2,0.2,0.199,0.199,0.198,0.197,0.197,0.196,0.195,0.194,0.193,0.191,0.19,0.189,0.187,0.186,0.184,0.183,0.181,0.179,0.177,0.175,0.173,0.171,0.169,0.167,0.165,0.163,0.161,0.159,0.156,0.154,0.152,0.15,0.147,0.145,0.143,0.141,0.138,0.136,0.134,0.131,0.129,0.127,0.125
0.202,0.208,0.212,0.217,0.22,0.223,0.226,0.228,0.229,0.23,0.231,0.231,0.231,0.231,0.23,0.23,0.228,0.227,0.226,0.224,0.222,0.221,0.219,0.217,0.215,0.213,0.211,0.21,0.208,0.207,0.205,0.204,0.203,0.203,0.202,0.202,0.201,0.201,0.201,0.201,0.201,0.201,0.201,0.2,0.2,0.2,0.2,0.199,0.199,0.198,0.197,0.197,0.196,0.195,0.194,0.192,0.191,0.19,0.189,0.187,0.186,0.184,0.182,0.181,0.179,0.177,0.175,0.173,0.171,0.169,0.167,0.165,0.163,0.161,0.158,0.156,0.154,0.152,0.149,0.147,0.145,0.143,0.14,0.138,0.136,0.134,0.131,0.129,0.127,0.125
0.202,0.207,0.212,0.216,0.22,0.223,0.226,0.228,0.229,0.23,0.231,0.232,0.232,0.231,0.231,0.23,0.229,0.227,0.226,0.224,0.223,0.221,0.219,0.217,0.215,0.213,0.212,0.21,0.208,0.207,0.206,0.205,0.204,0.203,0.202,0.202,0.202,0.201,0.201,0.201,0.201,0.201,0.201,0.201,0.2,0.2,0.2,0.199,0.199,0.198,0.197,0.197,0.196,0.195,0.194,0.192,0.191,0.19,0.188,0.187,0.185,0.184,0.182,0.18,0.179,0.177,0.175,0.173,0.171,0.169,0.167,0.165,0.163,0.16,0.158,0.156,0.154,0.152,0.149,0.147,0.145,0.142,0.14,0.138,0.136,0.134,0.131,0.129,0.127,0.125
0.202,0.207,0.212,0.216,0.22,0.223,0.226,0.228,0.229,0.231,0.231,0.232,0.232,0.231,0.231,0.23,0.229,0.228,0.226,0.225,0.223,0.221,0.219,0.217,0.215,0.214,0.212,0.21,0.208,0.207,0.206,0.205,0.204,0.203,0.203,0.202,0.202,0.202,0.201,0.201,0.201,0.201,0.201,0.201,0.201,0.2,0.2,0.199,0.199,0.198,0.197,0.197,0.196,0.195,0.193,0.192,0.191,0.19,0.188,0.187,0.185,0.184,0.182,0.18,0.178,0.176,0.175,0.173,0.171,0.169,0.167,0.164,0.162,0.16,0.158,0.156,0.154,0.151,0.149,0.147,0.145,0.142,0.14,0.138,0.136,0.133,0.131,0.129,0.127,0.125
0.202,0.207,0.212,0.216,0.22,0.223,0.226,0.228,0.229,0.231,0.231,0.232,0.232,0.232,0.231,0.23,0.229,0.228,0.226,0.225,0.223,0.221,0.219,0.218,0.216,0.214,0.212,0.21,0.209,0.207,0.206,0.205,0.204,0.203,0.203,0.202,0.202,0.202,0.202,0.202,0.201,0.201,0.201,0.201,0.201,0.2,0.2,0.2,0.199,0.198,0.197,0.197,0.196,0.195,0.193,0.192,0.191,0.189,0.188,0.187,0.185,0.183,0.182,0.18,0.178,0.176,0.174,0.172,0.17,0.168,0.166,0.164,0.162,0.16,0.158,0.155,0.153,0.151,0.149,0.147,0.144,0.142,0.14,0.138,0.135,0.133,0.131,0.129,0.127,0.125
0.201,0.207,0.212,0.216,0.22,0.223,0.226,0.228,0.229,0.231,0.231,0.232,0.232,0.232,0.231,0.23,0.229,0.228,0.227,0.225,0.223,0.221,0.22,0.218,0.216,0.214,0.212,0.211,0.209,0.207,0.206,0.205,0.204,0.204,0.203,0.203,0.202,0.202,0.202,0.202,0.202,0.202,0.201,0.201,0.201,0.201,0.2,0.2,0.199,0.198,0.197,0.197,0.196,0.194,0.193,0.192,0.191,0.189,0.188,0.186,0.185,0.183,0.181,0.18,0.178,0.176,0.174,0.172,0.17,0.168,0.166,0.164,0.162,0.16,0.157,0.155,0.153,0.151,0.149,0.146,0.144,0.142,0.14,0.138,0.135,0.133,0.131,0.129,0.127,0.125
0.201,0.207,0.212,0.216,0.22,0.223,0.226,0.228,0.229,0.231,0.232,0.232,0.232,0.232,0.231,0.23,0.229,0.228,0.227,0.225,0.223,0.222,0.22,0.218,0.216,0.214,0.212,0.211,0.209,0.208,0.206,0.205,0.205,0.204,0.203,0.203,0.203,0.202,0.202,0.202,0.202,0.202,0.202,0.201,0.201,0.201,0.2,0.2,0.199,0.198,0.198,0.197,0.195,0.194,0.193,0.192,0.19,0.189,0.188,0.186,0.184,0.183,0.181,0.179,0.177,0.175,0.174,0.172,0.17,0.168,0.166,0.163,0.161,0.159,0.157,0.155,0.153,0.151,0.148,0.146,0.144,0.142,0.14,0.137,0.135,0.133,0.131,0.129,0.127,0.125
0.201,0.206,0.211,0.216,0.22,0.223,0.226,0.228,0.229,0.231,0.232,0.232,0.232,0.232,0.231,0.23,0.229,0.228,0.227,0.225,0.224,0.222,0.22,0.218,0.216,0.214,0.213,0.211,0.209,0.208,0.207,0.206,0.205,0.204,0.204,0.203,0.203,0.203,0.202,0.202,0.202,0.202,0.202,0.202,0.201,0.201,0.201,0.2,0.199,0.198,0.198,0.197,0.195,0.194,0.193,0.192,0.19,0.189,0.187,0.186,0.184,0.182,0.181,0.179,0.177,0.175,0.173,0.171,0.169,0.167,0.165,0.163,0.161,0.159,0.157,0.155,0.152,0.15,0.148,0.146,0.144,0.142,0.139,0.137,0.135,0.133,0.131,0.129,0.127,0.125
0.2,0.206,0.211,0.216,0.219,0.223,0.225,0.228,0.229,0.231,0.231,0.232,0.232,0.232,0.231,0.231,0.23,0.228,0.227,0.225,0.224,0.222,0.22,0.218,0.216,0.214,0.213,0.211,0.209,0.208,0.207,0.206,0.205,0.204,0.204,0.203,0.203,0.203,0.203,0.203,0.202,0.202,0.202,0.202,0.202,0.201,0.201,0.2,0.199,0.198,0.198,0.196,0.195,0.194,0.193,0.191,0.19,0.189,0.187,0.185,0.184,0.182,0.18,0.178,0.177,0.175,0.173,0.171,0.169,0.167,0.165,0.163,0.161,0.159,0.156,0.154,0.152,0.15,0.148,0.146,0.144,0.141,0.139,0.137,0.135,0.133,0.131,0.129,0.127,0.125
0.2,0.206,0.211,0.215,0.219,0.222,0.225,0.227,0.229,0.231,0.231,0.232,0.232,0.232,0.231,0.231,0.23,0.228,0.227,0.225,0.224,0.222,0.22,0.218,0.216,0.215,0.213,0.211,0.21,0.208,0.207,0.206,0.205,0.204,0.204,0.204,0.203,0.203,0.203,0.203,0.203,0.202,0.202,0.202,0.202,0.201,0.201,0.2,0.199,0.198,0.198,0.196,0.195,0.194,0.193,0.191,0.19,0.188,0.187,0.185,0.183,0.181,0.18,0.178,0.176,0.174,0.172,0.17,0.168,0.166,0.164,0.162,0.16,0.158,0.156,0.154,0.152,0.15,0.148,0.146,0.143,0.141,0.139,0.137,0.135,0.133,0.131,0.129,0.127,0.125
0.2,0.205,0.21,0.215,0.219,0.222,0.225,0.227,0.229,0.23,0.231,0.232,0.232,0.232,0.231,0.231,0.23,0.228,0.227,0.225,0.224,0.222,0.22,0.218,0.216,0.215,0.213,0.211,0.21,0.208,0.207,0.206,0.205,0.205,0.204,0.204,0.203,0.203,0.203,0.203,0.203,0.203,0.202,0.202,0.202,0.201,0.201,0.2,0.199,0.199,0.197,0.196,0.195,0.194,0.192,0.191,0.189,0.188,0.186,0.185,0.183,0.181,0.179,0.177,0.176,0.174,0.172,0.17,0.168,0.166,0.164,0.162,0.16,0.158,0.156,0.154,0.152,0.15,0.147,0.145,0.143,0.141,0.139,0.137,0.135,0.133,0.131,0.129,0.127,0.125
0.199,0.205,0.21,0.215,0.219,0.222,0.225,0.227,0.229,0.23,0.231,0.232,0.232,0.232,0.231,0.231,0.23,0.228,0.227,0.225,0.224,0.222,0.22,0.218,0.216,0.215,0.213,0.211,0.21,0.208,0.207,0.206,0.205,0.205,0.204,0.204,0.204,0.203,0.203,0.203,0.203,0.203,0.203,0.202,0.202,0.202,0.201,0.2,0.199,0.199,0.197,0.196,0.195,0.194,0.192,0.191,0.189,0.188,0.186,0.184,0.182,0.181,0.179,0.177,0.175,0.173,0.171,0.169,0.167,0.165,0.163,0.161,0.159,0.157,0.155,0.153,0.151,0.149,0.147,0.145,0.143,0.141,0.139,0.137,0.135,0.133,0.131,0.129,0.127,0.125
0.199,0.204,0.21,0.214,0.218,0.222,0.225,0.227,0.229,0.23,0.231,0.232,0.232,0.232,0.231,0.23,0.229,0.228,0.227,0.225,0.224,0.222,0.22,0.218,0.216,0.215,0.213,0.211,0.21,0.208,0.207,0.206,0.205,0.205,0.204,0.204,0.204,0.203,0.203,0.203,0.203,0.203,0.203,0.203,0.202,0.202,0.201,0.2,0.199,0.198,0.197,0.196,0.195,0.193,0.192,0.19,0.189,0.187,0.185,0.184,0.182,0.18,0.178,0.176,0.175,0.173,0.171,0.169,0.167,0.165,0.163,0.161,0.159,0.157,0.155,0.153,0.151,0.149,0.147,0.145,0.143,0.141,0.139,0.137,0.135,0.133,0.131,0.129,0.127,0.125
0.198,0.204,0.209,0.214,0.218,0.221,0.224,0.227,0.229,0.23,0.231,0.231,0.232,0.231,0.231,0.23,0.229,0.228,0.227,0.225,0.223,0.222,0.22,0.218,0.216,0.214,0.213,0.211,0.21,0.208,0.207,0.206,0.205,0.205,0.204,0.204,0.204,0.204,0.203,0.203,0.203,0.203,0.203,0.203,0.202,0.202,0.201,0.2,0.199,0.198,0.197,0.196,0.195,0.193,0.192,0.19,0.188,0.187,0.185,0.183,0.181,0.18,0.178,0.176,0.174,0.172,0.17,0.168,0.166,0.164,0.163,0.161,0.159,0.157,0.155,0.153,0.151,0.149,0.147,0.145,0.143,0.141,0.139,0.137,0.135,0.133,0.131,0.129,0.127,0.125
0.197,0.203,0.209,0.214,0.218,0.221,0.224,0.226,0.228,0.23,0.231,0.231,0.231,0.231,0.231,0.23,0.229,0.228,0.227,0.225,0.223,0.222,0.22,0.218,0.216,0.214,0.213,0.211,0.209,0.208,0.207,0.206,0.205,0.205,0.204,0.204,0.204,0.204,0.203,0.203,0.203,0.203,0.203,0.203,0.202,0.202,0.201,0.2,0.199,0.198,0.197,0.196,0.194,0.193,0.191,0.19,0.188,0.186,0.184,0.183,0.181,0.179,0.177,0.175,0.173,0.172,0.17,0.168,0.166,0.164,0.162,0.16,0.158,0.156,0.154,0.152,0.15,0.149,0.147,0.145,0.143,0.141,0.139,0.137,0.135,0.133,0.131,0.129,0.127,0.125
0.197,0.203,0.208,0.213,0.217,0.221,0.224,0.226,0.228,0.229,0.23,0.231,0.231,0.231,0.231,0.23,0.229,0.228,0.226,0.225,0.223,0.221,0.22,0.218,0.216,0.214,0.212,0.211,0.209,0.208,0.207,0.206,0.205,0.205,0.204,0.204,0.204,0.204,0.204,0.203,0.203,0.203,0.203,0.203,0.202,0.202,0.201,0.2,0.199,0.198,0.197,0.196,0.194,0.193,0.191,0.189,0.188,0.186,0.184,0.182,0.18,0.178,0.177,0.175,0.173,0.171,0.169,0.167,0.165,0.163,0.162,0.16,0.158,0.156,0.154,0.152,0.15,0.148,0.146,0.144,0.143,0.141,0.139,0.137,0.135,0.133,0.131,0.129,0.127,0.125
0.196,0.202,0.208,0.213,0.217,0.22,0.223,0.226,0.228,0.229,0.23,0.231,0.231,0.231,0.23,0.23,0.229,0.228,0.226,0.225,0.223,0.221,0.219,0.218,0.216,0.214,0.212,0.211,0.209,0.208,0.207,0.206,0.205,0.204,0.204,0.204,0.204,0.204,0.204,0.203,0.203,0.203,0.203,0.203,0.202,0.202,0.201,0.2,0.199,0.198,0.197,0.195,0.194,0.192,0.191,0.189,0.187,0.185,0.183,0.182,0.18,0.178,0.176,0.174,0.172,0.17,0.168,0.167,0.165,0.163,0.161,0.159,0.157,0.155,0.154,0.152,0.15,0.148,0.146,0.144,0.142,0.14,0.138,0.137,0.135,0.133,0.131,0.129,0.127,0.125
0.195,0.202,0.207,0.212,0.216,0.22,0.223,0.225,0.227,0.229,0.23,0.23,0.231,0.231,0.23,0.229,0.228,0.227,0.226,0.224,0.223,0.221,0.219,0.217,0.215,0.214,0.212,0.21,0.209,0.208,0.206,0.206,0.205,0.204,0.204,0.204,0.204,0.204,0.203,0.203,0.203,0.203,0.203,0.203,0.202,0.202,0.201,0.2,0.199,0.198,0.197,0.195,0.194,0.192,0.19,0.189,0.187,0.185,0.183,0.181,0.179,0.177,0.175,0.173,0.172,0.17,0.168,0.166,0.164,0.162,0.161,0.159,0.157,0.155,0.153,0.151,0.15,0.148,0.146,0.144,0.142,0.14,0.138,0.136,0.135,0.133,0.131,0.129,0.127,0.125
0.195,0.201,0.207,0.211,0.216,0.219,0.222,0.225,0.227,0.228,0.229,0.23,0.23,0.23,0.23,0.229,0.228,0.227,0.226,0.224,0.222,0.221,0.219,0.217,0.215,0.213,0.212,0.21,0.209,0.207,0.206,0.205,0.205,0.204,0.204,0.204,0.203,0.203,0.203,0.203,0.203,0.203,0.203,0.203,0.202,0.202,0.201,0.2,0.199,0.198,0.196,0.195,0.193,0.192,0.19,0.188,0.186,0.184,0.182,0.18,0.179,0.177,0.175,0.173,0.171,0.169,0.167,0.165,0.164,0.162,0.16,0.158,0.156,0.155,0.153,0.151,0.149,0.147,0.146,0.144,0.142,0.14,0.138,0.136,0.134,0.133,0.131,0.129,0.127,0.125
0.194,0.2,0.206,0.211,0.215,0.219,0.222,0.224,0.226,0.228,0.229,0.23,0.23,0.23,0.229,0.229,0.228,0.227,0.225,0.224,0.222,0.22,0.219,0.217,0.215,0.213,0.211,0.21,0.208,0.207,0.206,0.205,0.204,0.204,0.204,0.203,0.203,0.203,0.203,0.203,0.203,0.203,0.203,0.203,0.202,0.202,0.201,0.2,0.199,0.198,0.196,0.195,0.193,0.191,0.19,0.188,0.186,0.184,0.182,0.18,0.178,0.176,0.174,0.172,0.17,0.168,0.167,0.165,0.163,0.161,0.159,0.158,0.156,0.154,0.152,0.151,0.149,0.147,0.145,0.144,0.142,0.14,0.138,0.136,0.134,0.132,0.131,0.129,0.127,0.125
0.193,0.2,0.205,0.21,0.215,0.218,0.221,0.224,0.226,0.228,0.229,0.229,0.23,0.229,0.229,0.228,0.227,0.226,0.225,0.223,0.222,0.22,0.218,0.216,0.215,0.213,0.211,0.209,0.208,0.207,0.206,0.205,0.204,0.204,0.203,0.203,0.203,0.203,0.203,0.203,0.203,0.203,0.203,0.203,0.202,0.202,0.201,0.2,0.199,0.197,0.196,0.194,0.193,0.191,0.189,0.187,0.185,0.183,0.181,0.179,0.177,0.175,0.173,0.172,0.17,0.168,0.166,0.164,0.162,0.161,0.159,0.157,0.155,0.154,0.152,0.15,0.149,0.147,0.145,0.143,0.141,0.14,0.138,0.136,0.134,0.132,0.131,0.129,0.127,0.125
0.193,0.199,0.205,0.21,0.214,0.218,0.221,0.223,0.225,0.227,0.228,0.229,0.229,0.229,0.229,0.228,0.227,0.226,0.224,0.223,0.221,0.22,0.218,0.216,0.214,0.212,0.211,0.209,0.208,0.206,0.205,0.204,0.204,0.203,0.203,0.203,0.203,0.203,0.203,0.203,0.203,0.203,0.203,0.202,0.202,0.201,0.201,0.2,0.198,0.197,0.196,0.194,0.192,0.191,0.189,0.187,0.185,0.183,0.181,0.179,0.177,0.175,0.173,0.171,0.169,0.167,0.165,0.164,0.162,0.16,0.158,0.157,0.155,0.153,0.152,0.15,0.148,0.146,0.145,0.143,0.141,0.139,0.138,0.136,0.134,0.132,0.13,0.129,0.127,0.125
0.192,0.198,0.204,0.209,0.213,0.217,0.22,0.223,0.225,0.226,0.228,0.228,0.229,0.229,0.228,0.227,0.227,0.225,0.224,0.222,0.221,0.219,0.217,0.216,0.214,0.212,0.21,0.209,0.207,0.206,0.205,0.204,0.204,0.203,0.203,0.203,0.203,0.203,0.203,0.203,0.203,0.203,0.203,0.202,0.202,0.201,0.2,0.199,0.198,0.197,0.195,0.194,0.192,0.19,0.188,0.186,0.184,0.182,0.18,0.178,0.176,0.174,0.172,0.17,0.168,0.167,0.165,0.163,0.161,0.16,0.158,0.156,0.154,0.153,0.151,0.149,0.148,0.146,0.144,0.143,0.141,0.139,0.138,0.136,0.134,0.132,0.13,0.128,0.127,0.125
0.191,0.197,0.203,0.208,0.213,0.216,0.22,0.222,0.224,0.226,0.227,0.228,0.228,0.228,0.228,0.227,0.226,0.225,0.224,0.222,0.22,0.219,0.217,0.215,0.213,0.211,0.21,0.208,0.207,0.206,0.205,0.204,0.203,0.203,0.203,0.202,0.202,0.202,0.202,0.202,0.202,0.202,0.202,0.202,0.202,0.201,0.2,0.199,0.198,0.197,0.195,0.193,0.192,0.19,0.188,0.186,0.184,0.182,0.18,0.178,0.175,0.174,0.172,0.17,0.168,0.166,0.164,0.162,0.161,0.159,0.157,0.156,0.154,0.152,0.151,0.149,0.147,0.146,0.144,0.142,0.141,0.139,0.137,0.136,0.134,0.132,0.13,0.128,0.127,0.125
0.19,0.197,0.202,0.208,0.212,0.216,0.219,0.222,0.224,0.225,0.226,0.227,0.227,0.227,0.227,0.226,0.225,0.224,0.223,0.221,0.22,0.218,0.216,0.215,0.213,0.211,0.209,0.208,0.206,0.205,0.204,0.203,0.203,0.202,0.202,0.202,0.202,0.202,0.202,0.202,0.202,0.202,0.202,0.202,0.201,0.201,0.2,0.199,0.198,0.196,0.195,0.193,0.191,0.189,0.187,0.185,0.183,0.181,0.179,0.177,0.175,0.173,0.171,0.169,0.167,0.165,0.164,0.162,0.16,0.158,0.157,0.155,0.153,0.152,0.15,0.148,0.147,0.145,0.144,0.142,0.14,0.139,0.137,0.135,0.134,0.132,0.13,0.128,0.126,0.125
0.189,0.196,0.202,0.207,0.211,0.215,0.218,0.221,0.223,0.225,0.226,0.227,0.227,0.227,0.226,0.226,0.225,0.224,0.222,0.221,0.219,0.218,0.216,0.214,0.212,0.211,0.209,0.207,0.206,0.205,0.204,0.203,0.202,0.202,0.202,0.202,0.202,0.202,0.202,0.202,0.202,0.202,0.202,0.201,0.201,0.2,0.199,0.198,0.197,0.196,0.194,0.192,0.191,0.189,0.187,0.185,0.183,0.181,0.178,0.176,0.174,0.172,0.17,0.168,0.167,0.165,0.163,0.161,0.159,0.158,0.156,0.154,0.153,0.151,0.15,0.148,0.146,0.145,0.143,0.142,0.14,0.138,0.137,0.135,0.133,0.132,0.13,0.128,0.126,0.125
0.189,0.195,0.201,0.206,0.211,0.214,0.218,0.22,0.222,0.224,0.225,0.226,0.226,0.226,0.226,0.225,0.224,0.223,0.222,0.22,0.219,0.217,0.215,0.213,0.212,0.21,0.208,0.207,0.205,0.204,0.203,0.202,0.202,0.201,0.201,0.201,0.201,0.201,0.201,0.201,0.201,0.201,0.201,0.201,0.2,0.2,0.199,0.198,0.197,0.195,0.194,0.192,0.19,0.188,0.186,0.184,0.182,0.18,0.178,0.176,0.174,0.172,0.17,0.168,0.166,0.164,0.162,0.161,0.159,0.157,0.155,0.154,0.152,0.151,0.149,0.147,0.146,0.144,0.143,0.141,0.14,0.138,0.136,0.135,0.133,0.131,0.13,0.128,0.126,0.125
0.188,0.194,0.2,0.205,0.21,0.214,0.217,0.219,0.222,0.223,0.224,0.225,0.226,0.225,0.225,0.225,0.224,0.222,0.221,0.22,0.218,0.216,0.215,0.213,0.211,0.209,0.208,0.206,0.205,0.204,0.203,0.202,0.201,0.201,0.201,0.201,0.201,0.201,0.201,0.201,0.201,0.201,0.201,0.2,0.2,0.199,0.199,0.197,0.196,0.195,0.193,0.191,0.19,0.188,0.186,0.184,0.182,0.179,0.177,0.175,0.173,0.171,0.169,0.167,0.165,0.164,0.162,0.16,0.158,0.157,0.155,0.153,0.152,0.15,0.148,0.147,0.145,0.144,0.142,0.141,0.139,0.138,0.136,0.134,0.133,0.131,0.13,0.128,0.126,0.124
0.187,0.193,0.199,0.204,0.209,0.213,0.216,0.219,0.221,0.222,0.224,0.224,0.225,0.225,0.224,0.224,0.223,0.222,0.221,0.219,0.217,0.216,0.214,0.212,0.211,0.209,0.207,0.206,0.204,0.203,0.202,0.201,0.201,0.2,0.2,0.2,0.2,0.2,0.2,0.2,0.2,0.2,0.2,0.2,0.2,0.199,0.198,0.197,0.196,0.194,0.193,0.191,0.189,0.187,0.185,0.183,0.181,0.179,0.177,0.175,0.173,0.171,0.169,0.167,0.165,0.163,0.161,0.159,0.158,0.156,0.154,0.153,0.151,0.149,0.148,0.146,0.145,0.143,0.142,0.14,0.139,0.137,0.136,0.134,0.132,0.131,0.129,0.128,0.126,0.124
0.186,0.193,0.198,0.204,0.208,0.212,0.215,0.218,0.22,0.222,0.223,0.224,0.224,0.224,0.224,0.223,0.222,0.221,0.22,0.218,0.217,0.215,0.213,0.212,0.21,0.208,0.207,0.205,0.204,0.202,0.202,0.201,0.2,0.2,0.2,0.2,0.2,0.2,0.2,0.2,0.2,0.2,0.2,0.199,0.199,0.198,0.198,0.196,0.195,0.194,0.192,0.19,0.189,0.187,0.185,0.183,0.18,0.178,0.176,0.174,0.172,0.17,0.168,0.166,0.164,0.162,0.161,0.159,0.157,0.155,0.154,0.152,0.15,0.149,0.147,0.146,0.144,0.143,0.141,0.14,0.138,0.137,0.135,0.134,0.132,0.131,0.129,0.127,0.126,0.124
0.185,0.192,0.198,0.203,0.207,0.211,0.214,0.217,0.219,0.221,0.222,0.223,0.223,0.223,0.223,0.222,0.221,0.22,0.219,0.218,0.216,0.214,0.213,0.211,0.209,0.208,0.206,0.204,0.203,0.202,0.201,0.2,0.2,0.199,0.199,0.199,0.199,0.199,0.199,0.199,0.199,0.199,0.199,0.199,0.198,0.198,0.197,0.196,0.195,0.193,0.192,0.19,0.188,0.186,0.184,0.182,0.18,0.178,0.176,0.174,0.171,0.169,0.167,0.166,0.164,0.162,0.16,0.158,0.156,0.155,0.153,0.151,0.15,0.148,0.147,0.145,0.144,0.142,0.141,0.139,0.138,0.136,0.135,0.133,0.132,0.13,0.129,0.127,0.126,0.124
0.184,0.191,0.197,0.202,0.206,0.21,0.213,0.216,0.218,0.22,0.221,0.222,0.222,0.222,0.222,0.221,0.221,0.22,0.218,0.217,0.215,0.214,0.212,0.21,0.209,0.207,0.205,0.204,0.202,0.201,0.2,0.2,0.199,0.199,0.198,0.198,0.198,0.198,0.199,0.199,0.199,0.199,0.199,0.198,0.198,0.197,0.196,0.195,0.194,0.193,0.191,0.189,0.187,0.186,0.184,0.182,0.179,0.177,0.175,0.173,0.171,0.169,0.167,0.165,0.163,0.161,0.159,0.158,0.156,0.154,0.153,0.151,0.149,0.148,0.146,0.145,0.143,0.142,0.14,0.139,0.137,0.136,0.134,0.133,0.131,0.13,0.129,0.127,0.126,0.124
0.183,0.19,0.196,0.201,0.205,0.209,0.212,0.215,0.217,0.219,0.22,0.221,0.221,0.222,0.221,0.221,0.22,0.219,0.218,0.216,0.215,0.213,0.211,0.21,0.208,0.206,0.205,0.203,0.202,0.201,0.2,0.199,0.198,0.198,0.198,0.198,0.198,0.198,0.198,0.198,0.198,0.198,0.198,0.198,0.197,0.197,0.196,0.195,0.193,0.192,0.19,0.189,0.187,0.185,0.183,0.181,0.179,0.177,0.175,0.173,0.17,0.168,0.166,0.164,0.163,0.161,0.159,0.157,0.155,0.154,0.152,0.15,0.149,0.147,0.146,0.144,0.143,0.141,0.14,0.138,0.137,0.135,0.134,0.132,0.131,0.13,0.128,0.127,0.125,0.124
0.182,0.189,0.195,0.2,0.204,0.208,0.211,0.214,0.216,0.218,0.219,0.22,0.221,0.221,0.22,0.22,0.219,0.218,0.217,0.215,0.214,0.212,0.21,0.209,0.207,0.205,0.204,0.202,0.201,0.2,0.199,0.198,0.198,0.197,0.197,0.197,0.197,0.197,0.197,0.197,0.197,0.197,0.197,0.197,0.197,0.196,0.195,0.194,0.193,0.191,0.19,0.188,0.186,0.184,0.182,0.18,0.178,0.176,0.174,0.172,0.17,0.168,0.166,0.164,0.162,0.16,0.158,0.157,0.155,0.153,0.151,0.15,0.148,0.147,0.145,0.143,0.142,0.14,0.139,0.138,0.136,0.135,0.133,0.132,0.131,0.129,0.128,0.127,0.125,0.124
0.181,0.188,0.194,0.199,0.203,0.207,0.21,0.213,0.215,0.217,0.218,0.219,0.22,0.22,0.219,0.219,0.218,0.217,0.216,0.214,0.213,0.211,0.21,0.208,0.206,0.205,0.203,0.202,0.2,0.199,0.198,0.197,0.197,0.197,0.196,0.196,0.196,0.196,0.197,0.197,0.197,0.197,0.196,0.196,0.196,0.195,0.194,0.193,0.192,0.191,0.189,0.188,0.186,0.184,0.182,0.18,0.178,0.176,0.174,0.172,0.169,0.167,0.165,0.163,0.162,0.16,0.158,0.156,0.154,0.153,0.151,0.149,0.148,0.146,0.144,0.143,0.141,0.14,0.138,0.137,0.136,0.134,0.133,0.132,0.13,0.129,0.128,0.126,0.125,0.124
0.18,0.187,0.193,0.198,0.202,0.206,0.209,0.212,0.214,0.216,0.217,0.218,0.219,0.219,0.218,0.218,0.217,0.216,0.215,0.214,0.212,0.21,0.209,0.207,0.206,0.204,0.202,0.201,0.2,0.198,0.197,0.197,0.196,0.196,0.196,0.196,0.196,0.196,0.196,0.196,0.196,0.196,0.196,0.196,0.195,0.195,0.194,0.193,0.191,0.19,0.189,0.187,0.185,0.183,0.181,0.179,0.177,0.175,0.173,0.171,0.169,0.167,0.165,0.163,0.161,0.159,0.157,0.156,0.154,0.152,0.15,0.149,0.147,0.145,0.144,0.142,0.141,0.139,0.138,0.136,0.135,0.134,0.132,0.131,0.13,0.129,0.127,0.126,0.125,0.124
0.179,0.186,0.192,0.197,0.201,0.205,0.208,0.211,0.213,0.215,0.216,0.217,0.218,0.218,0.217,0.217,0.216,0.215,0.214,0.213,0.211,0.21,0.208,0.206,0.205,0.203,0.202,0.2,0.199,0.198,0.197,0.196,0.196,0.195,0.195,0.195,0.195,0.195,0.195,0.195,0.195,0.195,0.195,0.195,0.194,0.194,0.193,0.192,0.191,0.189,0.188,0.186,0.185,0.183,0.181,0.179,0.177,0.175,0.173,0.171,0.168,0.166,0.164,0.163,0.161,0.159,0.157,0.155,0.153,0.151,0.15,0.148,0.146,0.145,0.143,0.142,0.14,0.139,0.137,0.136,0.135,0.133,0.132,0.131,0.129,0.128,0.127,0.126,0.125,0.124
0.178,0.185,0.191,0.196,0.2,0.204,0.207,0.21,0.212,0.214,0.215,0.216,0.217,0.217,0.216,0.216,0.215,0.214,0.213,0.212,0.21,0.209,0.207,0.205,0.204,0.202,0.201,0.199,0.198,0.197,0.196,0.195,0.195,0.194,0.194,0.194,0.194,0.194,0.194,0.194,0.194,0.194,0.194,0.194,0.194,0.193,0.192,0.191,0.19,0.189,0.187,0.186,0.184,0.182,0.18,0.178,0.176,0.174,0.172,0.17,0.168,0.166,0.164,0.162,0.16,0.158,0.156,0.155,0.153,0.151,0.149,0.148,0.146,0.144,0.143,0.141,0.14,0.138,0.137,0.135,0.134,0.133,0.131,0.13,0.129,0.128,0.127,0.126,0.125,0.124
0.177,0.184,0.19,0.195,0.199,0.203,0.206,0.209,0.211,0.213,0.214,0.215,0.215,0.216,0.215,0.215,0.214,0.213,0.212,0.211,0.209,0.208,0.206,0.205,0.203,0.201,0.2,0.198,0.197,0.196,0.195,0.194,0.194,0.194,0.193,0.193,0.193,0.193,0.194,0.194,0.194,0.194,0.194,0.193,0.193,0.192,0.192,0.191,0.189,0.188,0.187,0.185,0.183,0.182,0.18,0.178,0.176,0.174,0.172,0.17,0.168,0.166,0.164,0.162,0.16,0.158,0.156,0.154,0.152,0.151,0.149,0.147,0.145,0.144,0.142,0.141,0.139,0.138,0.136,0.135,0.133,0.132,0.131,0.13,0.129,0.127,0.126,0.125,0.124,0.124
0.176,0.183,0.188,0.194,0.198,0.202,0.205,0.208,0.21,0.212,0.213,0.214,0.214,0.215,0.214,0.214,0.213,0.212,0.211,0.21,0.208,0.207,0.205,0.204,0.202,0.201,0.199,0.198,0.196,0.195,0.194,0.194,0.193,0.193,0.193,0.193,0.193,0.193,0.193,0.193,0.193,0.193,0.193,0.193,0.192,0.192,0.191,0.19,0.189,0.188,0.186,0.185,0.183,0.181,0.179,0.177,0.175,0.173,0.171,0.169,0.167,0.165,0.163,0.161,0.159,0.157,0.156,0.154,0.152,0.15,0.148,0.147,0.145,0.143,0.142,0.14,0.139,0.137,0.136,0.134,0.133,0.132,0.13,0.129,0.128,0.127,0.126,0.125,0.124,0.123
0.175,0.182,0.187,0.192,0.197,0.201,0.204,0.207,0.209,0.211,0.212,0.213,0.213,0.213,0.213,0.213,0.212,0.211,0.21,0.209,0.207,0.206,0.204,0.203,0.201,0.2,0.198,0.197,0.196,0.194,0.194,0.193,0.192,0.192,0.192,0.192,0.192,0.192,0.192,0.192,0.192,0.192,0.192,0.192,0.191,0.191,0.19,0.189,0.188,0.187,0.185,0.184,0.182,0.181,0.179,0.177,0.175,0.173,0.171,0.169,0.167,0.165,0.163,0.161,0.159,0.157,0.155,0.153,0.151,0.15,0.148,0.146,0.144,0.143,0.141,0.14,0.138,0.137,0.135,0.134,0.132,0.131,0.13,0.129,0.128,0.127,0.126,0.125,0.124,0.123
0.174,0.181,0.186,0.191,0.196,0.199,0.203,0.205,0.208,0.209,0.211,0.212,0.212,0.212,0.212,0.212,0.211,0.21,0.209,0.208,0.206,0.205,0.203,0.202,0.2,0.199,0.197,0.196,0.195,0.194,0.193,0.192,0.192,0.191,0.191,0.191,0.191,0.191,0.191,0.191,0.191,0.191,0.191,0.191,0.191,0.19,0.189,0.189,0.187,0.186,0.185,0.183,0.182,0.18,0.178,0.176,0.174,0.173,0.171,0.169,0.166,0.164,0.162,0.161,0.159,0.157,0.155,0.153,0.151,0.149,0.147,0.146,0.144,0.142,0.141,0.139,0.138,0.136,0.135,0.133,0.132,0.131,0.13,0.128,0.127,0.126,0.126,0.125,0.124,0.123
0.173,0.179,0.185,0.19,0.194,0.198,0.202,0.204,0.206,0.208,0.209,0.21,0.211,0.211,0.211,0.211,0.21,0.209,0.208,0.207,0.205,0.204,0.202,0.201,0.199,0.198,0.196,0.195,0.194,0.193,0.192,0.191,0.191,0.19,0.19,0.19,0.19,0.19,0.19,0.19,0.19,0.19,0.19,0.19,0.19,0.189,0.189,0.188,0.187,0.186,0.184,0.183,0.181,0.18,0.178,0.176,0.174,0.172,0.17,0.168,0.166,0.164,0.162,0.16,0.158,0.156,0.154,0.152,0.151,0.149,0.147,0.145,0.144,0.142,0.14,0.139,0.137,0.136,0.134,0.133,0.132,0.13,0.129,0.128,0.127,0.126,0.125,0.124,0.124,0.123
0.172,0.178,0.184,0.189,0.193,0.197,0.2,0.203,0.205,0.207,0.208,0.209,0.21,0.21,0.21,0.209,0.209,0.208,0.207,0.206,0.204,0.203,0.201,0.2,0.198,0.197,0.195,0.194,0.193,0.192,0.191,0.19,0.19,0.19,0.189,0.189,0.189,0.189,0.19,0.19,0.19,0.19,0.19,0.189,0.189,0.189,0.188,0.187,0.186,0.185,0.184,0.182,0.181,0.179,0.177,0.175,0.174,0.172,0.17,0.168,0.166,0.164,0.162,0.16,0.158,0.156,0.154,0.152,0.15,0.148,0.147,0.145,0.143,0.141,0.14,0.138,0.137,0.135,0.134,0.132,0.131,0.13,0.129,0.128,0.127,0.126,0.125,0.124,0.124,0.123
0.171,0.177,0.183,0.188,0.192,0.196,0.199,0.202,0.204,0.206,0.207,0.208,0.208,0.209,0.209,0.208,0.208,0.207,0.206,0.205,0.203,0.202,0.2,0.199,0.197,0.196,0.195,0.193,0.192,0.191,0.19,0.19,0.189,0.189,0.189,0.189,0.189,0.189,0.189,0.189,0.189,0.189,0.189,0.189,0.188,0.188,0.187,0.186,0.185,0.184,0.183,0.182,0.18,0.179,0.177,0.175,0.173,0.171,0.169,0.167,0.165,0.163,0.161,0.16,0.158,0.156,0.154,0.152,0.15,0.148,0.146,0.144,0.143,0.141,0.139,0.138,0.136,0.135,0.133,0.132,0.131,0.129,0.128,0.127,0.126,0.125,0.125,0.124,0.123,0.123
0.17,0.176,0.182,0.186,0.191,0.195,0.198,0.2,0.203,0.204,0.206,0.207,0.207,0.207,0.207,0.207,0.206,0.206,0.205,0.203,0.202,0.201,0.199,0.198,0.196,0.195,0.194,0.192,0.191,0.19,0.189,0.189,0.188,0.188,0.188,0.188,0.188,0.188,0.188,0.188,0.188,0.188,0.188,0.188,0.188,0.187,0.187,0.186,0.185,0.184,0.182,0.181,0.18,0.178,0.176,0.175,0.173,0.171,0.169,0.167,0.165,0.163,0.161,0.159,0.157,0.155,0.153,0.151,0.15,0.148,0.146,0.144,0.142,0.141,0.139,0.137,0.136,0.134,0.133,0.131,0.13,0.129,0.128,0.127,0.126,0.125,0.124,0.124,0.123,0.123
0.169,0.175,0.18,0.185,0.19,0.193,0.196,0.199,0.201,0.203,0.204,0.205,0.206,0.206,0.206,0.206,0.205,0.204,0.203,0.202,0.201,0.2,0.198,0.197,0.195,0.194,0.193,0.191,0.19,0.189,0.188,0.188,0.187,0.187,0.187,0.187,0.187,0.187,0.187,0.187,0.187,0.187,0.187,0.187,0.187,0.186,0.186,0.185,0.184,0.183,0.182,0.18,0.179,0.178,0.176,0.174,0.172,0.171,0.169,0.167,0.165,0.163,0.161,0.159,0.157,0.155,0.153,0.151,0.149,0.147,0.145,0.144,0.142,0.14,0.138,0.137,0.135,0.134,0.132,0.131,0.13,0.129,0.128,0.127,0.126,0.125,0.124,0.124,0.123,0.123
0.167,0.174,0.179,0.184,0.188,0.192,0.195,0.198,0.2,0.202,0.203,0.204,0.205,0.205,0.205,0.205,0.204,0.203,0.202,0.201,0.2,0.199,0.197,0.196,0.194,0.193,0.192,0.191,0.189,0.188,0.188,0.187,0.187,0.186,0.186,0.186,0.186,0.186,0.186,0.186,0.186,0.187,0.186,0.186,0.186,0.186,0.185,0.184,0.183,0.182,0.181,0.18,0.179,0.177,0.175,0.174,0.172,0.17,0.168,0.166,0.164,0.162,0.161,0.159,0.157,0.155,0.153,0.151,0.149,0.147,0.145,0.143,0.141,0.14,0.138,0.136,0.135,0.133,0.132,0.131,0.129,0.128,0.127,0.126,0.125,0.125,0.124,0.123,0.123,0.123
0.166,0.172,0.178,0.183,0.187,0.191,0.194,0.197,0.199,0.2,0.202,0.203,0.203,0.204,0.204,0.203,0.203,0.202,0.201,0.2,0.199,0.198,0.196,0.195,0.193,0.192,0.191,0.19,0.189,0.188,0.187,0.186,0.186,0.185,0.185,0.185,0.185,0.185,0.185,0.186,0.186,0.186,0.186,0.186,0.185,0.185,0.184,0.184,0.183,0.182,0.181,0.179,0.178,0.176,0.175,0.173,0.172,0.17,0.168,0.166,0.164,0.162,0.16,0.158,0.156,0.154,0.152,0.15,0.148,0.147,0.145,0.143,0.141,0.139,0.138,0.136,0.134,0.133,0.132,0.13,0.129,0.128,0.127,0.126,0.125,0.124,0.124,0.123,0.123,0.123
0.165,0.171,0.177,0.181,0.186,0.189,0.193,0.195,0.197,0.199,0.2,0.201,0.202,0.202,0.202,0.202,0.202,0.201,0.2,0.199,0.198,0.197,0.195,0.194,0.193,0.191,0.19,0.189,0.188,0.187,0.186,0.185,0.185,0.185,0.184,0.184,0.184,0.185,0.185,0.185,0.185,0.185,0.185,0.185,0.185,0.184,0.184,0.183,0.182,0.181,0.18,0.179,0.177,0.176,0.174,0.173,0.171,0.169,0.167,0.166,0.164,0.162,0.16,0.158,0.156,0.154,0.152,0.15,0.148,0.146,0.144,0.143,0.141,0.139,0.137,0.136,0.134,0.133,0.131,0.13,0.129,0.127,0.126,0.126,0.125,0.124,0.123,0.123,0.123,0.123
0.164,0.17,0.175,0.18,0.184,0.188,0.191,0.194,0.196,0.198,0.199,0.2,0.201,0.201,0.201,0.201,0.2,0.2,0.199,0.198,0.197,0.195,0.194,0.193,0.192,0.19,0.189,0.188,0.187,0.186,0.185,0.184,0.184,0.184,0.184,0.184,0.184,0.184,0.184,0.184,0.184,0.184,0.184,0.184,0.184,0.183,0.183,0.182,0.181,0.18,0.179,0.178,0.177,0.175,0.174,0.172,0.171,0.169,0.167,0.165,0.163,0.161,0.16,0.158,0.156,0.154,0.152,0.15,0.148,0.146,0.144,0.142,0.14,0.139,0.137,0.135,0.134,0.132,0.131,0.129,0.128,0.127,0.126,0.125,0.124,0.124,0.123,0.123,0.123,0.123
0.163,0.169,0.174,0.179,0.183,0.187,0.19,0.192,0.195,0.196,0.198,0.199,0.199,0.2,0.2,0.2,0.199,0.198,0.198,0.197,0.196,0.194,0.193,0.192,0.191,0.189,0.188,0.187,0.186,0.185,0.184,0.184,0.183,0.183,0.183,0.183,0.183,0.183,0.183,0.183,0.183,0.183,0.183,0.183,0.183,0.183,0.182,0.182,0.181,0.18,0.179,0.178,0.176,0.175,0.173,0.172,0.17,0.168,0.167,0.165,0.163,0.161,0.159,0.157,0.155,0.153,0.151,0.149,0.147,0.146,0.144,0.142,0.14,0.138,0.137,0.135,0.133,0.132,0.13,0.129,0.128,0.127,0.126,0.125,0.124,0.124,0.123,0.123,0.123,0.123
0.162,0.168,0.173,0.178,0.182,0.185,0.189,0.191,0.193,0.195,0.196,0.197,0.198,0.198,0.198,0.198,0.198,0.197,0.196,0.196,0.194,0.193,0.192,0.191,0.19,0.188,0.187,0.186,0.185,0.184,0.183,0.183,0.182,0.182,0.182,0.182,0.182,0.182,0.182,0.182,0.183,0.183,0.183,0.182,0.182,0.182,0.181,0.181,0.18,0.179,0.178,0.177,0.176,0.174,0.173,0.171,0.17,0.168,0.166,0.164,0.163,0.161,0.159,0.157,0.155,0.153,0.151,0.149,0.147,0.145,0.143,0.141,0.14,0.138,0.136,0.135,0.133,0.131,0.13,0.129,0.128,0.126,0.126,0.125,0.124,0.123,0.123,0.123,0.122,0.122
0.161,0.167,0.172,0.176,0.181,0.184,0.187,0.19,0.192,0.194,0.195,0.196,0.197,0.197,0.197,0.197,0.197,0.196,0.195,0.194,0.193,0.192,0.191,0.19,0.189,0.187,0.186,0.185,0.184,0.183,0.183,0.182,0.182,0.181,0.181,0.181,0.181,0.181,0.182,0.182,0.182,0.182,0.182,0.182,0.182,0.181,0.181,0.18,0.179,0.178,0.177,0.176,0.175,0.174,0.172,0.171,0.169,0.167,0.166,0.164,0.162,0.16,0.158,0.156,0.154,0.153,0.151,0.149,0.147,0.145,0.143,0.141,0.139,0.138,0.136,0.134,0.133,0.131,0.13,0.128,0.127,0.126,0.125,0.124,0.124,0.123,0.123,0.122,0.122,0.122
0.16,0.165,0.171,0.175,0.179,0.183,0.186,0.188,0.191,0.192,0.194,0.195,0.195,0.196,0.196,0.196,0.195,0.195,0.194,0.193,0.192,0.191,0.19,0.189,0.188,0.187,0.185,0.184,0.183,0.183,0.182,0.181,0.181,0.181,0.181,0.181,0.181,0.181,0.181,0.181,0.181,0.181,0.181,0.181,0.181,0.18,0.18,0.179,0.179,0.178,0.177,0.176,0.174,0.173,0.172,0.17,0.169,0.167,0.165,0.163,0.162,0.16,0.158,0.156,0.154,0.152,0.15,0.148,0.146,0.144,0.143,0.141,0.139,0.137,0.135,0.134,0.132,0.131,0.129,0.128,0.127,0.126,0.125,0.124,0.123,0.123,0.123,0.122,0.122,0.122
0.159,0.164,0.169,0.174,0.178,0.181,0.184,0.187,0.189,0.191,0.192,0.193,0.194,0.194,0.195,0.195,0.194,0.194,0.193,0.192,0.191,0.19,0.189,0.188,0.187,0.186,0.185,0.184,0.183,0.182,0.181,0.181,0.18,0.18,0.18,0.18,0.18,0.18,0.18,0.18,0.18,0.18,0.18,0.18,0.18,0.18,0.179,0.179,0.178,0.177,0.176,0.175,0.174,0.172,0.171,0.17,0.168,0.166,0.165,0.163,0.161,0.159,0.157,0.156,0.154,0.152,0.15,0.148,0.146,0.144,0.142,0.14,0.139,0.137,0.135,0.133,0.132,0.13,0.129,0.128,0.127,0.126,0.125,0.124,0.123,0.123,0.122,0.122,0.122,0.122
0.157,0.163,0.168,0.173,0.177,0.18,0.183,0.186,0.188,0.19,0.191,0.192,0.193,0.193,0.193,0.193,0.193,0.192,0.192,0.191,0.19,0.189,0.188,0.187,0.186,0.185,0.184,0.183,0.182,0.181,0.18,0.18,0.18,0.179,0.179,0.179,0.179,0.179,0.179,0.179,0.18,0.18,0.18,0.18,0.179,0.179,0.179,0.178,0.177,0.176,0.175,0.174,0.173,0.172,0.17,0.169,0.167,0.166,0.164,0.162,0.161,0.159,0.157,0.155,0.153,0.151,0.149,0.147,0.145,0.144,0.142,0.14,0.138,0.136,0.135,0.133,0.132,0.13,0.129,0.128,0.126,0.125,0.124,0.124,0.123,0.123,0.122,0.122,0.122,0.122
0.156,0.162,0.167,0.171,0.175,0.179,0.182,0.184,0.187,0.188,0.19,0.191,0.191,0.192,0.192,0.192,0.192,0.191,0.191,0.19,0.189,0.188,0.187,0.186,0.185,0.184,0.183,0.182,0.181,0.18,0.18,0.179,0.179,0.179,0.179,0.178,0.179,0.179,0.179,0.179,0.179,0.179,0.179,0.179,0.179,0.178,0.178,0.177,0.176,0.176,0.175,0.174,0.172,0.171,0.17,0.168,0.167,0.165,0.164,0.162,0.16,0.158,0.156,0.155,0.153,0.151,0.149,0.147,0.145,0.143,0.141,0.14,0.138,0.136,0.134,0.133,0.131,0.13,0.129,0.127,0.126,0.125,0.124,0.124,0.123,0.122,0.122,0.122,0.122,0.122
0.155,0.161,0.166,0.17,0.174,0.178,0.181,0.183,0.185,0.187,0.188,0.189,0.19,0.191,0.191,0.191,0.191,0.19,0.19,0.189,0.188,0.187,0.186,0.185,0.184,0.183,0.182,0.181,0.18,0.18,0.179,0.178,0.178,0.178,0.178,0.178,0.178,0.178,0.178,0.178,0.178,0.178,0.178,0.178,0.178,0.177,0.177,0.176,0.176,0.175,0.174,0.173,0.172,0.17,0.169,0.168,0.166,0.165,0.163,0.161,0.16,0.158,0.156,0.154,0.152,0.15,0.148,0.146,0.145,0.143,0.141,0.139,0.137,0.136,0.134,0.132,0.131,0.13,0.128,0.127,0.126,0.125,0.124,0.123,0.123,0.122,0.122,0.122,0.122,0.122
0.155,0.16,0.165,0.169,0.173,0.176,0.179,0.182,0.184,0.186,0.187,0.188,0.189,0.189,0.19,0.19,0.189,0.189,0.188,0.188,0.187,0.186,0.185,0.184,0.183,0.182,0.181,0.18,0.18,0.179,0.178,0.178,0.178,0.177,0.177,0.177,0.177,0.177,0.177,0.177,0.177,0.177,0.177,0.177,0.177,0.177,0.176,0.176,0.175,0.174,0.173,0.172,0.171,0.17,0.168,0.167,0.166,0.164,0.162,0.161,0.159,0.157,0.155,0.154,0.152,0.15,0.148,0.146,0.144,0.142,0.141,0.139,0.137,0.135,0.134,0.132,0.131,0.129,0.128,0.127,0.126,0.125,0.124,0.123,0.123,0.122,0.122,0.122,0.122,0.122
0.154,0.159,0.164,0.168,0.172,0.175,0.178,0.181,0.183,0.184,0.186,0.187,0.188,0.188,0.188,0.188,0.188,0.188,0.187,0.187,0.186,0.185,0.184,0.183,0.182,0.181,0.181,0.18,0.179,0.178,0.178,0.177,0.177,0.177,0.177,0.177,0.177,0.177,0.177,0.177,0.177,0.177,0.177,0.177,0.176,0.176,0.176,0.175,0.174,0.173,0.172,0.171,0.17,0.169,0.168,0.166,0.165,0.163,0.162,0.16,0.158,0.157,0.155,0.153,0.151,0.149,0.147,0.146,0.144,0.142,0.14,0.138,0.137,0.135,0.133,0.132,0.13,0.129,0.128,0.127,0.125,0.125,0.124,0.123,0.122,0.122,0.122,0.122,0.122,0.122
0.153,0.158,0.163,0.167,0.171,0.174,0.177,0.179,0.181,0.183,0.185,0.186,0.186,0.187,0.187,0.187,0.187,0.187,0.186,0.186,0.185,0.184,0.183,0.183,0.182,0.181,0.18,0.179,0.178,0.177,0.177,0.177,0.176,0.176,0.176,0.176,0.176,0.176,0.176,0.176,0.176,0.176,0.176,0.176,0.176,0.175,0.175,0.174,0.173,0.173,0.172,0.171,0.17,0.168,0.167,0.166,0.164,0.163,0.161,0.159,0.158,0.156,0.154,0.152,0.151,0.149,0.147,0.145,0.143,0.141,0.14,0.138,0.136,0.135,0.133,0.131,0.13,0.129,0.127,0.126,0.125,0.124,0.124,0.123,0.122,0.122,0.122,0.122,0.122,0.122
0.152,0.157,0.162,0.166,0.17,0.173,0.176,0.178,0.18,0.182,0.183,0.185,0.185,0.186,0.186,0.186,0.186,0.186,0.185,0.185,0.184,0.183,0.183,0.182,0.181,0.18,0.179,0.178,0.177,0.177,0.176,0.176,0.176,0.175,0.175,0.175,0.175,0.175,0.175,0.175,0.175,0.175,0.175,0.175,0.175,0.175,0.174,0.173,0.173,0.172,0.171,0.17,0.169,0.168,0.166,0.165,0.163,0.162,0.16,0.159,0.157,0.155,0.154,0.152,0.15,0.148,0.146,0.145,0.143,0.141,0.139,0.137,0.136,0.134,0.133,0.131,0.13,0.128,0.127,0.126,0.125,0.124,0.123,0.123,0.122,0.122,0.122,0.122,0.122,0.122
0.152,0.157,0.161,0.165,0.169,0.172,0.175,0.177,0.179,0.181,0.182,0.183,0.184,0.185,0.185,0.185,0.185,0.185,0.184,0.184,0.183,0.183,0.182,0.181,0.18,0.179,0.178,0.178,0.177,0.176,0.176,0.175,0.175,0.175,0.175,0.175,0.175,0.175,0.175,0.175,0.175,0.175,0.175,0.174,0.174,0.174,0.173,0.173,0.172,0.171,0.17,0.169,0.168,0.167,0.166,0.164,0.163,0.161,0.16,0.158,0.156,0.155,0.153,0.151,0.149,0.148,0.146,0.144,0.142,0.141,0.139,0.137,0.135,0.134,0.132,0.131,0.129,0.128,0.127,0.126,0.125,0.124,0.123,0.123,0.122,0.122,0.122,0.122,0.122,0.122
0.151,0.156,0.16,0.164,0.168,0.171,0.174,0.176,0.178,0.18,0.181,0.182,0.183,0.184,0.184,0.184,0.184,0.184,0.184,0.183,0.182,0.182,0.181,0.18,0.179,0.178,0.178,0.177,0.176,0.176,0.175,0.175,0.174,0.174,0.174,0.174,0.174,0.174,0.174,0.174,0.174,0.174,0.174,0.174,0.173,0.173,0.173,0.172,0.171,0.17,0.169,0.168,0.167,0.166,0.165,0.163,0.162,0.161,0.159,0.157,0.156,0.154,0.152,0.151,0.149,0.147,0.145,0.144,0.142,0.14,0.138,0.137,0.135,0.133,0.132,0.131,0.129,0.128,0.127,0.126,0.125,0.124,0.123,0.122,0.122,0.122,0.122,0.122,0.122,0.122
0.151,0.155,0.16,0.164,0.167,0.17,0.173,0.175,0.177,0.179,0.18,0.182,0.182,0.183,0.183,0.183,0.183,0.183,0.183,0.182,0.182,0.181,0.18,0.179,0.179,0.178,0.177,0.176,0.176,0.175,0.174,0.174,0.174,0.174,0.173,0.173,0.173,0.173,0.173,0.173,0.173,0.173,0.173,0.173,0.173,0.172,0.172,0.171,0.17,0.17,0.169,0.168,0.167,0.165,0.164,0.163,0.161,0.16,0.158,0.157,0.155,0.153,0.152,0.15,0.148,0.147,0.145,0.143,0.141,0.14,0.138,0.136,0.135,0.133,0.132,0.13,0.129,0.128,0.126,0.125,0.124,0.124,0.123,0.122,0.122,0.122,0.121,0.122,0.122,0.122
0.15,0.155,0.159,0.163,0.167,0.17,0.172,0.175,0.177,0.178,0.18,0.181,0.181,0.182,0.182,0.183,0.182,0.182,0.182,0.181,0.181,0.18,0.179,0.179,0.178,0.177,0.176,0.176,0.175,0.174,0.174,0.173,0.173,0.173,0.173,0.173,0.173,0.173,0.173,0.173,0.173,0.173,0.172,0.172,0.172,0.172,0.171,0.17,0.17,0.169,0.168,0.167,0.166,0.165,0.163,0.162,0.161,0.159,0.158,0.156,0.155,0.153,0.151,0.149,0.148,0.146,0.144,0.143,0.141,0.139,0.137,0.136,0.134,0.133,0.131,0.13,0.129,0.127,0.126,0.125,0.124,0.123,0.123,0.122,0.122,0.122,0.121,0.121,0.122,0.122
0.15,0.155,0.159,0.163,0.166,0.169,0.172,0.174,0.176,0.178,0.179,0.18,0.181,0.181,0.182,0.182,0.182,0.181,0.181,0.181,0.18,0.179,0.179,0.178,0.177,0.177,0.176,0.175,0.174,0.174,0.173,0.173,0.173,0.172,0.172,0.172,0.172,0.172,0.172,0.172,0.172,0.172,0.172,0.172,0.171,0.171,0.17,0.17,0.169,0.168,0.167,0.166,0.165,0.164,0.163,0.161,0.16,0.159,0.157,0.155,0.154,0.152,0.151,0.149,0.147,0.145,0.144,0.142,0.14,0.139,0.137,0.135,0.134,0.132,0.131,0.13,0.128,0.127,0.126,0.125,0.124,0.123,0.123,0.122,0.122,0.121,0.121,0.121,0.122,0.122
0.15,0.154,0.159,0.162,0.166,0.169,0.171,0.173,0.175,0.177,0.178,0.179,0.18,0.181,0.181,0.181,0.181,0.181,0.18,0.18,0.179,0.179,0.178,0.177,0.177,0.176,0.175,0.174,0.174,0.173,0.173,0.172,0.172,0.172,0.172,0.172,0.171,0.171,0.171,0.171,0.171,0.171,0.171,0.171,0.17,0.17,0.17,0.169,0.168,0.167,0.166,0.165,0.164,0.163,0.162,0.161,0.159,0.158,0.156,0.155,0.153,0.152,0.15,0.148,0.147,0.145,0.143,0.142,0.14,0.138,0.137,0.135,0.134,0.132,0.131,0.129,0.128,0.127,0.126,0.125,0.124,0.123,0.122,0.122,0.122,0.121,0.121,0.121,0.122,0.122
0.15,0.154,0.158,0.162,0.165,0.168,0.171,0.173,0.175,0.176,0.178,0.179,0.179,0.18,0.18,0.18,0.18,0.18,0.18,0.179,0.179,0.178,0.178,0.177,0.176,0.175,0.175,0.174,0.173,0.173,0.172,0.172,0.171,0.171,0.171,0.171,0.171,0.171,0.171,0.171,0.171,0.17,0.17,0.17,0.17,0.169,0.169,0.168,0.167,0.167,0.166,0.165,0.164,0.162,0.161,0.16,0.159,0.157,0.156,0.154,0.153,0.151,0.149,0.148,0.146,0.144,0.143,0.141,0.139,0.138,0.136,0.135,0.133,0.132,0.13,0.129,0.128,0.127,0.125,0.125,0.124,0.123,0.122,0.122,0.121,0.121,0.121,0.121,0.122,0.122
0.15,0.154,0.158,0.162,0.165,0.168,0.171,0.173,0.175,0.176,0.177,0.178,0.179,0.18,0.18,0.18,0.18,0.18,0.179,0.179,0.178,0.178,0.177,0.176,0.176,0.175,0.174,0.173,0.173,0.172,0.172,0.171,0.171,0.171,0.17,0.17,0.17,0.17,0.17,0.17,0.17,0.17,0.17,0.169,0.169,0.169,0.168,0.167,0.167,0.166,0.165,0.164,0.163,0.162,0.161,0.159,0.158,0.157,0.155,0.154,0.152,0.15,0.149,0.147,0.146,0.144,0.142,0.141,0.139,0.137,0.136,0.134,0.133,0.131,0.13,0.129,0.127,0.126,0.125,0.124,0.123,0.123,0.122,0.122,0.121,0.121,0.121,0.121,0.122,0.122
0.15,0.155,0.159,0.162,0.165,0.168,0.17,0.173,0.174,0.176,0.177,0.178,0.179,0.179,0.179,0.18,0.179,0.179,0.179,0.178,0.178,0.177,0.177,0.176,0.175,0.174,0.173,0.173,0.172,0.171,0.171,0.171,0.17,0.17,0.17,0.17,0.17,0.169,0.169,0.169,0.169,0.169,0.169,0.169,0.168,0.168,0.167,0.167,0.166,0.165,0.164,0.163,0.162,0.161,0.16,0.159,0.157,0.156,0.154,0.153,0.151,0.15,0.148,0.147,0.145,0.143,0.142,0.14,0.139,0.137,0.135,0.134,0.132,0.131,0.13,0.128,0.127,0.126,0.125,0.124,0.123,0.123,0.122,0.122,0.121,0.121,0.121,0.121,0.122,0.122
0.151,0.155,0.159,0.162,0.165,0.168,0.17,0.172,0.174,0.176,0.177,0.178,0.178,0.179,0.179,0.179,0.179,0.179,0.178,0.178,0.177,0.177,0.176,0.175,0.175,0.174,0.173,0.172,0.172,0.171,0.17,0.17,0.17,0.169,0.169,0.169,0.169,0.169,0.169,0.169,0.168,0.168,0.168,0.168,0.167,0.167,0.167,0.166,0.165,0.164,0.164,0.163,0.161,0.16,0.159,0.158,0.157,0.155,0.154,0.152,0.151,0.149,0.148,0.146,0.145,0.143,0.141,0.14,0.138,0.137,0.135,0.133,0.132,0.131,0.129,0.128,0.127,0.126,0.125,0.124,0.123,0.122,0.122,0.121,0.121,0.121,0.121,0.121,0.121,0.122
0.151,0.155,0.159,0.163,0.166,0.168,0.171,0.173,0.174,0.176,0.177,0.178,0.178,0.179,0.179,0.179,0.179,0.179,0.178,0.178,0.177,0.176,0.176,0.175,0.174,0.173,0.172,0.172,0.171,0.17,0.17,0.169,0.169,0.169,0.169,0.168,0.168,0.168,0.168,0.168,0.168,0.168,0.167,0.167,0.167,0.166,0.166,0.165,0.164,0.164,0.163,0.162,0.161,0.16,0.158,0.157,0.156,0.155,0.153,0.152,0.15,0.149,0.147,0.146,0.144,0.142,0.141,0.139,0.138,0.136,0.135,0.133,0.132,0.13,0.129,0.128,0.127,0.125,0.124,0.124,0.123,0.122,0.122,0.121,0.121,0.121,0.121,0.121,0.121,0.122
0.152,0.156,0.16,0.163,0.166,0.169,0.171,0.173,0.174,0.176,0.177,0.178,0.178,0.179,0.179,0.179,0.179,0.178,0.178,0.177,0.177,0.176,0.175,0.174,0.174,0.173,0.172,0.171,0.17,0.17,0.169,0.169,0.168,0.168,0.168,0.168,0.168,0.167,0.167,0.167,0.167,0.167,0.167,0.166,0.166,0.166,0.165,0.164,0.164,0.163,0.162,0.161,0.16,0.159,0.158,0.157,0.155,0.154,0.153,0.151,0.15,0.148,0.147,0.145,0.144,0.142,0.14,0.139,0.137,0.136,0.134,0.133,0.131,0.13,0.129,0.127,0.126,0.125,0.124,0.123,0.123,0.122,0.121,0.121,0.121,0.121,0.121,0.121,0.121,0.122
0.153,0.157,0.16,0.163,0.166,0.169,0.171,0.173,0.175,0.176,0.177,0.178,0.178,0.179,0.179,0.179,0.178,0.178,0.178,0.177,0.176,0.176,0.175,0.174,0.173,0.172,0.172,0.171,0.17,0.169,0.169,0.168,0.168,0.167,0.167,0.167,0.167,0.167,0.167,0.166,0.166,0.166,0.166,0.166,0.165,0.165,0.164,0.164,0.163,0.162,0.161,0.16,0.159,0.158,0.157,0.156,0.155,0.153,0.152,0.151,0.149,0.148,0.146,0.145,0.143,0.141,0.14,0.138,0.137,0.135,0.134,0.132,0.131,0.13,0.128,0.127,0.126,0.125,0.124,0.123,0.122,0.122,0.121,0.121,0.121,0.121,0.121,0.121,0.121,0.122
0.153,0.157,0.161,0.164,0.167,0.169,0.171,0.173,0.175,0.176,0.177,0.178,0.178,0.179,0.179,0.179,0.178,0.178,0.177,0.177,0.176,0.175,0.175,0.174,0.173,0.172,0.171,0.17,0.169,0.169,0.168,0.168,0.167,0.167,0.167,0.166,0.166,0.166,0.166,0.166,0.166,0.165,0.165,0.165,0.164,0.164,0.163,0.163,0.162,0.161,0.161,0.16,0.159,0.158,0.156,0.155,0.154,0.153,0.151,0.15,0.149,0.147,0.146,0.144,0.143,0.141,0.139,0.138,0.136,0.135,0.133,0.132,0.131,0.129,0.128,0.127,0.126,0.125,0.124,0.123,0.122,0.122,0.121,0.121,0.121,0.12,0.121,0.121,0.121,0.122
0.154,0.158,0.162,0.165,0.167,0.17,0.172,0.174,0.175,0.176,0.177,0.178,0.178,0.179,0.179,0.178,0.178,0.178,0.177,0.177,0.176,0.175,0.174,0.173,0.172,0.172,0.171,0.17,0.169,0.168,0.168,0.167,0.167,0.166,0.166,0.166,0.165,0.165,0.165,0.165,0.165,0.165,0.164,0.164,0.164,0.163,0.163,0.162,0.161,0.161,0.16,0.159,0.158,0.157,0.156,0.155,0.153,0.152,0.151,0.149,0.148,0.147,0.145,0.144,0.142,0.141,0.139,0.138,0.136,0.135,0.133,0.132,0.13,0.129,0.128,0.127,0.125,0.124,0.123,0.123,0.122,0.121,0.121,0.121,0.12,0.12,0.12,0.121,0.121,0.122
0.155,0.159,0.162,0.165,0.168,0.17,0.172,0.174,0.176,0.177,0.177,0.178,0.179,0.179,0.179,0.179,0.178,0.178,0.177,0.176,0.176,0.175,0.174,0.173,0.172,0.171,0.17,0.169,0.168,0.168,0.167,0.166,0.166,0.166,0.165,0.165,0.165,0.165,0.164,0.164,0.164,0.164,0.164,0.163,0.163,0.162,0.162,0.161,0.161,0.16,0.159,0.158,0.157,0.156,0.155,0.154,0.153,0.152,0.15,0.149,0.148,0.146,0.145,0.143,0.142,0.14,0.139,0.137,0.136,0.134,0.133,0.131,0.13,0.129,0.127,0.126,0.125,0.124,0.123,0.122,0.122,0.121,0.121,0.12,0.12,0.12,0.12,0.121,0.121,0.122
0.156,0.16,0.163,0.166,0.169,0.171,0.173,0.175,0.176,0.177,0.178,0.178,0.179,0.179,0.179,0.179,0.178,0.178,0.177,0.176,0.175,0.175,0.174,0.173,0.172,0.171,0.17,0.169,0.168,0.167,0.166,0.166,0.165,0.165,0.165,0.164,0.164,0.164,0.164,0.163,0.163,0.163,0.163,0.162,0.162,0.162,0.161,0.161,0.16,0.159,0.158,0.157,0.157,0.156,0.154,0.153,0.152,0.151,0.15,0.148,0.147,0.146,0.144,0.143,0.141,0.14,0.138,0.137,0.135,0.134,0.132,0.131,0.13,0.128,0.127,0.126,0.125,0.124,0.123,0.122,0.122,0.121,0.121,0.12,0.12,0.12,0.12,0.121,0.121,0.122
0.157,0.161,0.164,0.167,0.17,0.172,0.174,0.175,0.176,0.177,0.178,0.179,0.179,0.179,0.179,0.179,0.178,0.178,0.177,0.176,0.175,0.174,0.173,0.172,0.171,0.17,0.169,0.168,0.167,0.167,0.166,0.165,0.165,0.164,0.164,0.164,0.163,0.163,0.163,0.163,0.162,0.162,0.162,0.162,0.161,0.161,0.16,0.16,0.159,0.158,0.158,0.157,0.156,0.155,0.154,0.153,0.152,0.15,0.149,0.148,0.146,0.145,0.144,0.142,0.141,0.139,0.138,0.136,0.135,0.133,0.132,0.131,0.129,0.128,0.127,0.126,0.125,0.124,0.123,0.122,0.121,0.121,0.12,0.12,0.12,0.12,0.12,0.121,0.121,0.122
0.159,0.162,0.165,0.168,0.17,0.173,0.174,0.176,0.177,0.178,0.179,0.179,0.179,0.179,0.179,0.179,0.178,0.178,0.177,0.176,0.175,0.174,0.173,0.172,0.171,0.17,0.169,0.168,0.167,0.166,0.165,0.165,0.164,0.164,0.163,0.163,0.163,0.162,0.162,0.162,0.162,0.161,0.161,0.161,0.16,0.16,0.16,0.159,0.158,0.158,0.157,0.156,0.155,0.154,0.153,0.152,0.151,0.15,0.148,0.147,0.146,0.145,0.143,0.142,0.14,0.139,0.137,0.136,0.134,0.133,0.132,0.13,0.129,0.128,0.127,0.125,0.124,0.123,0.123,0.122,0.121,0.121,0.12,0.12,0.12,0.12,0.12,0.121,0.121,0.122
0.16,0.163,0.166,0.169,0.171,0.173,0.175,0.176,0.178,0.178,0.179,0.179,0.18,0.179,0.179,0.179,0.178,0.178,0.177,0.176,0.175,0.174,0.173,0.172,0.171,0.17,0.169,0.168,0.167,0.166,0.165,0.164,0.164,0.163,0.163,0.162,0.162,0.162,0.161,0.161,0.161,0.161,0.16,0.16,0.16,0.159,0.159,0.158,0.158,0.157,0.156,0.155,0.154,0.153,0.152,0.151,0.15,0.149,0.148,0.147,0.145,0.144,0.143,0.141,0.14,0.138,0.137,0.136,0.134,0.133,0.131,0.13,0.129,0.127,0.126,0.125,0.124,0.123,0.122,0.122,0.121,0.121,0.12,0.12,0.12,0.12,0.12,0.12,0.121,0.122
0.161,0.164,0.167,0.17,0.172,0.174,0.176,0.177,0.178,0.179,0.179,0.18,0.18,0.18,0.179,0.179,0.178,0.178,0.177,0.176,0.175,0.174,0.173,0.172,0.17,0.169,0.168,0.167,0.166,0.165,0.164,0.164,0.163,0.162,0.162,0.162,0.161,0.161,0.161,0.16,0.16,0.16,0.159,0.159,0.159,0.158,0.158,0.157,0.157,0.156,0.155,0.154,0.154,0.153,0.152,0.151,0.15,0.148,0.147,0.146,0.145,0.144,0.142,0.141,0.139,0.138,0.137,0.135,0.134,0.132,0.131,0.13,0.128,0.127,0.126,0.125,0.124,0.123,0.122,0.122,0.121,0.12,0.12,0.12,0.12,0.12,0.12,0.12,0.121,0.122
0.162,0.166,0.168,0.171,0.173,0.175,0.177,0.178,0.179,0.179,0.18,0.18,0.18,0.18,0.18,0.179,0.178,0.178,0.177,0.176,0.175,0.174,0.172,0.171,0.17,0.169,0.168,0.167,0.166,0.165,0.164,0.163,0.162,0.162,0.161,0.161,0.16,0.16,0.16,0.159,0.159,0.159,0.159,0.158,0.158,0.157,0.157,0.156,0.156,0.155,0.154,0.154,0.153,0.152,0.151,0.15,0.149,0.148,0.147,0.146,0.144,0.143,0.142,0.14,0.139,0.138,0.136,0.135,0.133,0.132,0.131,0.129,0.128,0.127,0.126,0.125,0.124,0.123,0.122,0.121,0.121,0.12,0.12,0.12,0.12,0.12,0.12,0.12,0.121,0.122
0.164,0.167,0.17,0.172,0.174,0.176,0.177,0.178,0.179,0.18,0.18,0.18,0.18,0.18,0.18,0.179,0.178,0.178,0.177,0.176,0.175,0.173,0.172,0.171,0.17,0.169,0.167,0.166,0.165,0.164,0.163,0.162,0.162,0.161,0.161,0.16,0.16,0.159,0.159,0.159,0.158,0.158,0.158,0.157,0.157,0.157,0.156,0.156,0.155,0.154,0.154,0.153,0.152,0.151,0.15,0.149,0.148,0.147,0.146,0.145,0.144,0.142,0.141,0.14,0.138,0.137,0.136,0.134,0.133,0.132,0.13,0.129,0.128,0.127,0.126,0.125,0.124,0.123,0.122,0.121,0.121,0.12,0.12,0.12,0.12,0.12,0.12,0.12,0.121,0.122
0.165,0.168,0.171,0.173,0.175,0.177,0.178,0.179,0.18,0.18,0.181,0.181,0.181,0.18,0.18,0.179,0.179,0.178,0.177,0.176,0.174,0.173,0.172,0.171,0.169,0.168,0.167,0.166,0.165,0.164,0.163,0.162,0.161,0.16,0.16,0.159,0.159,0.159,0.158,0.158,0.158,0.157,0.157,0.157,0.156,0.156,0.155,0.155,0.154,0.154,0.153,0.152,0.151,0.15,0.15,0.149,0.148,0.147,0.145,0.144,0.143,0.142,0.141,0.139,0.138,0.137,0.135,0.134,0.133,0.131,0.13,0.129,0.128,0.127,0.125,0.124,0.123,0.123,0.122,0.121,0.121,0.12,0.12,0.12,0.12,0.12,0.12,0.12,0.121,0.122
0.166,0.169,0.172,0.174,0.176,0.178,0.179,0.18,0.181,0.181,0.181,0.181,0.181,0.181,0.18,0.179,0.179,0.178,0.177,0.175,0.174,0.173,0.172,0.17,0.169,0.168,0.167,0.165,0.164,0.163,0.162,0.161,0.16,0.16,0.159,0.159,0.158,0.158,0.157,0.157,0.157,0.156,0.156,0.156,0.155,0.155,0.154,0.154,0.153,0.153,0.152,0.151,0.15,0.15,0.149,0.148,0.147,0.146,0.145,0.144,0.143,0.141,0.14,0.139,0.138,0.136,0.135,0.134,0.132,0.131,0.13,0.129,0.127,0.126,0.125,0.124,0.123,0.122,0.122,0.121,0.12,0.12,0.12,0.12,0.12,0.12,0.12,0.12,0.121,0.122
0.168,0.171,0.173,0.175,0.177,0.178,0.18,0.18,0.181,0.181,0.182,0.182,0.181,0.181,0.18,0.18,0.179,0.178,0.177,0.175,0.174,0.173,0.171,0.17,0.169,0.167,0.166,0.165,0.164,0.163,0.162,0.161,0.16,0.159,0.159,0.158,0.157,0.157,0.157,0.156,0.156,0.156,0.155,0.155,0.154,0.154,0.153,0.153,0.152,0.152,0.151,0.15,0.15,0.149,0.148,0.147,0.146,0.145,0.144,0.143,0.142,0.141,0.14,0.138,0.137,0.136,0.135,0.133,0.132,0.131,0.13,0.128,0.127,0.126,0.125,0.124,0.123,0.122,0.122,0.121,0.12,0.12,0.12,0.12,0.119,0.12,0.12,0.12,0.121,0.122
0.169,0.172,0.174,0.176,0.178,0.179,0.18,0.181,0.182,0.182,0.182,0.182,0.182,0.181,0.18,0.18,0.179,0.178,0.176,0.175,0.174,0.173,0.171,0.17,0.168,0.167,0.166,0.164,0.163,0.162,0.161,0.16,0.159,0.159,0.158,0.157,0.157,0.156,0.156,0.155,0.155,0.155,0.154,0.154,0.153,0.153,0.153,0.152,0.152,0.151,0.15,0.15,0.149,0.148,0.147,0.146,0.146,0.145,0.144,0.143,0.141,0.14,0.139,0.138,0.137,0.135,0.134,0.133,0.132,0.13,0.129,0.128,0.127,0.126,0.125,0.124,0.123,0.122,0.121,0.121,0.12,0.12,0.12,0.119,0.119,0.12,0.12,0.12,0.121,0.122
0.171,0.173,0.175,0.177,0.179,0.18,0.181,0.182,0.182,0.182,0.182,0.182,0.182,0.181,0.181,0.18,0.179,0.178,0.176,0.175,0.174,0.172,0.171,0.17,0.168,0.167,0.165,0.164,0.163,0.162,0.16,0.16,0.159,0.158,0.157,0.157,0.156,0.155,0.155,0.155,0.154,0.154,0.153,0.153,0.153,0.152,0.152,0.151,0.151,0.15,0.149,0.149,0.148,0.147,0.147,0.146,0.145,0.144,0.143,0.142,0.141,0.14,0.139,0.137,0.136,0.135,0.134,0.133,0.131,0.13,0.129,0.128,0.127,0.126,0.125,0.124,0.123,0.122,0.121,0.121,0.12,0.12,0.12,0.119,0.119,0.12,0.12,0.12,0.121,0.122
0.172,0.174,0.176,0.178,0.18,0.181,0.182,0.182,0.183,0.183,0.183,0.183,0.182,0.182,0.181,0.18,0.179,0.178,0.176,0.175,0.174,0.172,0.171,0.169,0.168,0.166,0.165,0.164,0.162,0.161,0.16,0.159,0.158,0.157,0.156,0.156,0.155,0.155,0.154,0.154,0.153,0.153,0.152,0.152,0.152,0.151,0.151,0.15,0.15,0.149,0.149,0.148,0.147,0.147,0.146,0.145,0.144,0.143,0.142,0.141,0.14,0.139,0.138,0.137,0.136,0.135,0.133,0.132,0.131,0.13,0.129,0.128,0.126,0.125,0.124,0.124,0.123,0.122,0.121,0.121,0.12,0.12,0.12,0.119,0.119,0.12,0.12,0.12,0.121,0.122
0.173,0.176,0.178,0.179,0.181,0.182,0.183,0.183,0.183,0.183,0.183,0.183,0.182,0.182,0.181,0.18,0.179,0.178,0.176,0.175,0.173,0.172,0.171,0.169,0.167,0.166,0.165,0.163,0.162,0.161,0.159,0.158,0.157,0.157,0.156,0.155,0.154,0.154,0.153,0.153,0.152,0.152,0.152,0.151,0.151,0.15,0.15,0.149,0.149,0.148,0.148,0.147,0.146,0.146,0.145,0.144,0.143,0.143,0.142,0.141,0.14,0.139,0.138,0.137,0.135,0.134,0.133,0.132,0.131,0.13,0.128,0.127,0.126,0.125,0.124,0.123,0.123,0.122,0.121,0.121,0.12,0.12,0.119,0.119,0.119,0.12,0.12,0.12,0.121,0.122
0.175,0.177,0.179,0.18,0.182,0.183,0.183,0.184,0.184,0.184,0.184,0.183,0.183,0.182,0.181,0.18,0.179,0.178,0.176,0.175,0.173,0.172,0.17,0.169,0.167,0.166,0.164,0.163,0.161,0.16,0.159,0.158,0.157,0.156,0.155,0.154,0.154,0.153,0.153,0.152,0.152,0.151,0.151,0.15,0.15,0.149,0.149,0.148,0.148,0.147,0.147,0.146,0.146,0.145,0.144,0.144,0.143,0.142,0.141,0.14,0.139,0.138,0.137,0.136,0.135,0.134,0.133,0.132,0.13,0.129,0.128,0.127,0.126,0.125,0.124,0.123,0.122,0.122,0.121,0.12,0.12,0.12,0.119,0.119,0.119,0.119,0.12,0.12,0.121,0.122
0.176,0.178,0.18,0.181,0.182,0.183,0.184,0.184,0.185,0.184,0.184,0.184,0.183,0.182,0.181,0.18,0.179,0.178,0.176,0.175,0.173,0.172,0.17,0.168,0.167,0.165,0.164,0.162,0.161,0.16,0.158,0.157,0.156,0.155,0.154,0.154,0.153,0.152,0.152,0.151,0.151,0.15,0.15,0.149,0.149,0.149,0.148,0.148,0.147,0.147,0.146,0.145,0.145,0.144,0.144,0.143,0.142,0.141,0.14,0.14,0.139,0.138,0.137,0.136,0.135,0.133,0.132,0.131,0.13,0.129,0.128,0.127,0.126,0.125,0.124,0.123,0.122,0.122,0.121,0.12,0.12,0.12,0.119,0.119,0.119,0.119,0.12,0.12,0.121,0.122
0.177,0.179,0.181,0.182,0.183,0.184,0.185,0.185,0.185,0.185,0.185,0.184,0.183,0.182,0.181,0.18,0.179,0.178,0.176,0.175,0.173,0.171,0.17,0.168,0.166,0.165,0.163,0.162,0.16,0.159,0.158,0.157,0.156,0.155,0.154,0.153,0.152,0.152,0.151,0.15,0.15,0.149,0.149,0.149,0.148,0.148,0.147,0.147,0.146,0.146,0.145,0.145,0.144,0.143,0.143,0.142,0.141,0.141,0.14,0.139,0.138,0.137,0.136,0.135,0.134,0.133,0.132,0.131,0.13,0.129,0.128,0.127,0.126,0.125,0.124,0.123,0.122,0.121,0.121,0.12,0.12,0.119,0.119,0.119,0.119,0.119,0.12,0.12,0.121,0.122
0.178,0.18,0.182,0.183,0.184,0.185,0.185,0.186,0.186,0.185,0.185,0.184,0.184,0.183,0.181,0.18,0.179,0.178,0.176,0.174,0.173,0.171,0.169,0.168,0.166,0.164,0.163,0.161,0.16,0.158,0.157,0.156,0.155,0.154,0.153,0.152,0.151,0.151,0.15,0.15,0.149,0.149,0.148,0.148,0.147,0.147,0.146,0.146,0.145,0.145,0.144,0.144,0.143,0.143,0.142,0.141,0.141,0.14,0.139,0.138,0.138,0.137,0.136,0.135,0.134,0.133,0.132,0.13,0.129,0.128,0.127,0.126,0.125,0.124,0.123,0.123,0.122,0.121,0.121,0.12,0.12,0.119,0.119,0.119,0.119,0.119,0.12,0.12,0.121,0.122
0.18,0.181,0.183,0.184,0.185,0.186,0.186,0.186,0.186,0.186,0.185,0.185,0.184,0.183,0.182,0.18,0.179,0.177,0.176,0.174,0.173,0.171,0.169,0.167,0.166,0.164,0.162,0.161,0.159,0.158,0.157,0.155,0.154,0.153,0.152,0.151,0.151,0.15,0.149,0.149,0.148,0.148,0.147,0.147,0.146,0.146,0.145,0.145,0.145,0.144,0.144,0.143,0.143,0.142,0.141,0.141,0.14,0.139,0.139,0.138,0.137,0.136,0.135,0.134,0.133,0.132,0.131,0.13,0.129,0.128,0.127,0.126,0.125,0.124,0.123,0.122,0.122,0.121,0.12,0.12,0.12,0.119,0.119,0.119,0.119,0.119,0.12,0.12,0.121,0.122
0.181,0.182,0.184,0.185,0.186,0.186,0.187,0.187,0.187,0.186,0.186,0.185,0.184,0.183,0.182,0.18,0.179,0.177,0.176,0.174,0.172,0.171,0.169,0.167,0.165,0.164,0.162,0.16,0.159,0.157,0.156,0.155,0.154,0.153,0.152,0.151,0.15,0.149,0.149,0.148,0.147,0.147,0.146,0.146,0.146,0.145,0.145,0.144,0.144,0.143,0.143,0.142,0.142,0.141,0.141,0.14,0.139,0.139,0.138,0.137,0.136,0.136,0.135,0.134,0.133,0.132,0.131,0.13,0.129,0.128,0.127,0.126,0.125,0.124,0.123,0.122,0.122,0.121,0.12,0.12,0.119,0.119,0.119,0.119,0.119,0.119,0.12,0.12,0.121,0.122
0.182,0.184,0.185,0.186,0.187,0.187,0.187,0.187,0.187,0.187,0.186,0.185,0.184,0.183,0.182,0.18,0.179,0.177,0.176,0.174,0.172,0.17,0.169,0.167,0.165,0.163,0.162,0.16,0.158,0.157,0.155,0.154,0.153,0.152,0.151,0.15,0.149,0.148,0.148,0.147,0.147,0.146,0.146,0.145,0.145,0.144,0.144,0.143,0.143,0.143,0.142,0.142,0.141,0.141,0.14,0.139,0.139,0.138,0.137,0.137,0.136,0.135,0.134,0.133,0.132,0.131,0.13,0.129,0.128,0.127,0.126,0.125,0.124,0.124,0.123,0.122,0.121,0.121,0.12,0.12,0.119,0.119,0.119,0.119,0.119,0.119,0.12,0.12,0.121,0.122
0.183,0.184,0.186,0.187,0.187,0.188,0.188,0.188,0.188,0.187,0.186,0.186,0.184,0.183,0.182,0.181,0.179,0.177,0.176,0.174,0.172,0.17,0.168,0.167,0.165,0.163,0.161,0.159,0.158,0.156,0.155,0.153,0.152,0.151,0.15,0.149,0.148,0.148,0.147,0.146,0.146,0.145,0.145,0.144,0.144,0.143,0.143,0.143,0.142,0.142,0.141,0.141,0.14,0.14,0.139,0.139,0.138,0.138,0.137,0.136,0.135,0.135,0.134,0.133,0.132,0.131,0.13,0.129,0.128,0.127,0.126,0.125,0.124,0.123,0.122,0.122,0.121,0.12,0.12,0.119,0.119,0.119,0.119,0.119,0.119,0.119,0.119,0.12,0.121,0.122
0.184,0.185,0.187,0.187,0.188,0.188,0.189,0.188,0.188,0.188,0.187,0.186,0.185,0.183,0.182,0.181,0.179,0.177,0.176,0.174,0.172,0.17,0.168,0.166,0.164,0.162,0.161,0.159,0.157,0.156,0.154,0.153,0.152,0.151,0.15,0.149,0.148,0.147,0.146,0.146,0.145,0.145,0.144,0.144,0.143,0.143,0.142,0.142,0.141,0.141,0.141,0.14,0.14,0.139,0.139,0.138,0.138,0.137,0.136,0.136,0.135,0.134,0.133,0.132,0.131,0.13,0.129,0.129,0.128,0.127,0.126,0.125,0.124,0.123,0.122,0.121,0.121,0.12,0.12,0.119,0.119,0.119,0.119,0.119,0.119,0.119,0.119,0.12,0.121,0.122
0.185,0.186,0.187,0.188,0.189,0.189,0.189,0.189,0.189,0.188,0.187,0.186,0.185,0.184,0.182,0.181,0.179,0.177,0.175,0.174,0.172,0.17,0.168,0.166,0.164,0.162,0.16,0.158,0.157,0.155,0.154,0.152,0.151,0.15,0.149,0.148,0.147,0.146,0.146,0.145,0.144,0.144,0.143,0.143,0.142,0.142,0.141,0.141,0.141,0.14,0.14,0.139,0.139,0.139,0.138,0.138,0.137,0.136,0.136,0.135,0.134,0.134,0.133,0.132,0.131,0.13,0.129,0.128,0.127,0.126,0.125,0.124,0.124,0.123,0.122,0.121,0.121,0.12,0.119,0.119,0.119,0.119,0.118,0.118,0.119,0.119,0.119,0.12,0.121,0.122
0.186,0.187,0.188,0.189,0.189,0.19,0.19,0.189,0.189,0.188,0.187,0.186,0.185,0.184,0.182,0.181,0.179,0.177,0.175,0.173,0.171,0.169,0.167,0.165,0.163,0.162,0.16,0.158,0.156,0.155,0.153,0.152,0.15,0.149,0.148,0.147,0.146,0.145,0.145,0.144,0.144,0.143,0.142,0.142,0.142,0.141,0.141,0.14,0.14,0.14,0.139,0.139,0.138,0.138,0.137,0.137,0.136,0.136,0.135,0.135,0.134,0.133,0.132,0.131,0.13,0.13,0.129,0.128,0.127,0.126,0.125,0.124,0.123,0.122,0.122,0.121,0.12,0.12,0.119,0.119,0.118,0.118,0.118,0.118,0.118,0.119,0.119,0.12,0.121,0.122
0.187,0.188,0.189,0.19,0.19,0.19,0.19,0.19,0.189,0.189,0.188,0.187,0.185,0.184,0.182,0.181,0.179,0.177,0.175,0.173,0.171,0.169,0.167,0.165,0.163,0.161,0.159,0.157,0.156,0.154,0.152,0.151,0.15,0.148,0.147,0.146,0.146,0.145,0.144,0.143,0.143,0.142,0.142,0.141,0.141,0.14,0.14,0.14,0.139,0.139,0.138,0.138,0.138,0.137,0.137,0.136,0.136,0.135,0.135,0.134,0.133,0.133,0.132,0.131,0.13,0.129,0.128,0.127,0.126,0.125,0.125,0.124,0.123,0.122,0.121,0.121,0.12,0.119,0.119,0.119,0.118,0.118,0.118,0.118,0.118,0.119,0.119,0.12,0.121,0.122
0.187,0.189,0.19,0.19,0.191,0.191,0.191,0.19,0.19,0.189,0.188,0.187,0.186,0.184,0.182,0.181,0.179,0.177,0.175,0.173,0.171,0.169,0.167,0.165,0.163,0.161,0.159,0.157,0.155,0.153,0.152,0.15,0.149,0.148,0.147,0.146,0.145,0.144,0.143,0.143,0.142,0.141,0.141,0.141,0.14,0.14,0.139,0.139,0.139,0.138,0.138,0.137,0.137,0.137,0.136,0.136,0.135,0.135,0.134,0.133,0.133,0.132,0.131,0.13,0.13,0.129,0.128,0.127,0.126,0.125,0.124,0.123,0.122,0.122,0.121,0.12,0.12,0.119,0.119,0.118,0.118,0.118,0.118,0.118,0.118,0.119,0.119,0.12,0.121,0.122
0.188,0.189,0.19,0.191,0.191,0.191,0.191,0.191,0.19,0.189,0.188,0.187,0.186,0.184,0.183,0.181,0.179,0.177,0.175,0.173,0.171,0.169,0.166,0.164,0.162,0.16,0.158,0.156,0.154,0.153,0.151,0.15,0.148,0.147,0.146,0.145,0.144,0.143,0.143,0.142,0.141,0.141,0.14,0.14,0.139,0.139,0.139,0.138,0.138,0.137,0.137,0.137,0.136,0.136,0.136,0.135,0.135,0.134,0.134,0.133,0.132,0.132,0.131,0.13,0.129,0.128,0.127,0.126,0.126,0.125,0.124,0.123,0.122,0.121,0.121,0.12,0.119,0.119,0.118,0.118,0.118,0.118,0.118,0.118,0.118,0.118,0.119,0.12,0.12,0.121
0.189,0.19,0.191,0.192,0.192,0.192,0.192,0.191,0.191,0.19,0.189,0.187,0.186,0.184,0.183,0.181,0.179,0.177,0.175,0.173,0.17,0.168,0.166,0.164,0.162,0.16,0.158,0.156,0.154,0.152,0.15,0.149,0.148,0.146,0.145,0.144,0.143,0.142,0.142,0.141,0.14,0.14,0.139,0.139,0.139,0.138,0.138,0.138,0.137,0.137,0.136,0.136,0.136,0.135,0.135,0.134,0.134,0.134,0.133,0.132,0.132,0.131,0.13,0.129,0.129,0.128,0.127,0.126,0.125,0.124,0.123,0.123,0.122,0.121,0.12,0.12,0.119,0.119,0.118,0.118,0.118,0.117,0.117,0.118,0.118,0.118,0.119,0.12,0.12,0.121
0.19,0.191,0.192,0.192,0.193,0.193,0.192,0.192,0.191,0.19,0.189,0.188,0.186,0.184,0.183,0.181,0.179,0.177,0.175,0.172,0.17,0.168,0.166,0.164,0.161,0.159,0.157,0.155,0.153,0.151,0.15,0.148,0.147,0.146,0.145,0.143,0.143,0.142,0.141,0.14,0.14,0.139,0.139,0.138,0.138,0.138,0.137,0.137,0.136,0.136,0.136,0.135,0.135,0.135,0.134,0.134,0.133,0.133,0.132,0.132,0.131,0.13,0.13,0.129,0.128,0.127,0.126,0.126,0.125,0.124,0.123,0.122,0.121,0.121,0.12,0.119,0.119,0.118,0.118,0.118,0.117,0.117,0.117,0.117,0.118,0.118,0.119,0.119,0.12,0.121
0.191,0.192,0.192,0.193,0.193,0.193,0.193,0.192,0.191,0.19,0.189,0.188,0.186,0.185,0.183,0.181,0.179,0.177,0.174,0.172,0.17,0.168,0.165,0.163,0.161,0.159,0.157,0.155,0.153,0.151,0.149,0.148,0.146,0.145,0.144,0.143,0.142,0.141,0.14,0.14,0.139,0.138,0.138,0.138,0.137,0.137,0.136,0.136,0.136,0.135,0.135,0.135,0.134,0.134,0.134,0.133,0.133,0.132,0.132,0.131,0.131,0.13,0.129,0.128,0.128,0.127,0.126,0.125,0.124,0.123,0.123,0.122,0.121,0.12,0.12,0.119,0.119,0.118,0.118,0.117,0.117,0.117,0.117,0.117,0.118,0.118,0.119,0.119,0.12,0.121
0.191,0.192,0.193,0.194,0.194,0.194,0.193,0.193,0.192,0.191,0.189,0.188,0.186,0.185,0.183,0.181,0.179,0.176,0.174,0.172,0.17,0.167,0.165,0.163,0.16,0.158,0.156,0.154,0.152,0.15,0.148,0.147,0.145,0.144,0.143,0.142,0.141,0.14,0.14,0.139,0.138,0.138,0.137,0.137,0.136,0.136,0.136,0.135,0.135,0.135,0.134,0.134,0.134,0.133,0.133,0.133,0.132,0.132,0.131,0.131,0.13,0.129,0.129,0.128,0.127,0.126,0.126,0.125,0.124,0.123,0.122,0.121,0.121,0.12,0.119,0.119,0.118,0.118,0.117,0.117,0.117,0.117,0.117,0.117,0.118,0.118,0.119,0.119,0.12,0.121
0.192,0.193,0.194,0.194,0.194,0.194,0.194,0.193,0.192,0.191,0.19,0.188,0.186,0.185,0.183,0.181,0.179,0.176,0.174,0.172,0.169,0.167,0.165,0.162,0.16,0.158,0.155,0.153,0.151,0.149,0.148,0.146,0.145,0.143,0.142,0.141,0.14,0.139,0.139,0.138,0.138,0.137,0.137,0.136,0.136,0.135,0.135,0.135,0.134,0.134,0.134,0.133,0.133,0.133,0.132,0.132,0.132,0.131,0.131,0.13,0.129,0.129,0.128,0.127,0.127,0.126,0.125,0.124,0.123,0.123,0.122,0.121,0.12,0.12,0.119,0.119,0.118,0.118,0.117,0.117,0.117,0.117,0.117,0.117,0.117,0.118,0.119,0.119,0.12,0.121
0.193,0.194,0.194,0.195,0.195,0.195,0.194,0.193,0.192,0.191,0.19,0.188,0.187,0.185,0.183,0.181,0.178,0.176,0.174,0.171,0.169,0.167,0.164,0.162,0.159,0.157,0.155,0.153,0.151,0.149,0.147,0.145,0.144,0.143,0.142,0.141,0.14,0.139,0.138,0.137,0.137,0.136,0.136,0.135,0.135,0.135,0.134,0.134,0.134,0.133,0.133,0.133,0.132,0.132,0.132,0.131,0.131,0.13,0.13,0.129,0.129,0.128,0.128,0.127,0.126,0.125,0.125,0.124,0.123,0.122,0.121,0.121,0.12,0.119,0.119,0.118,0.118,0.117,0.117,0.117,0.117,0.117,0.117,0.117,0.117,0.118,0.119,0.119,0.12,0.121
0.194,0.195,0.195,0.195,0.195,0.195,0.195,0.194,0.193,0.192,0.19,0.188,0.187,0.185,0.183,0.181,0.178,0.176,0.174,0.171,0.169,0.166,0.164,0.161,0.159,0.157,0.154,0.152,0.15,0.148,0.146,0.145,0.143,0.142,0.141,0.14,0.139,0.138,0.137,0.137,0.136,0.135,0.135,0.135,0.134,0.134,0.134,0.133,0.133,0.133,0.132,0.132,0.132,0.131,0.131,0.131,0.13,0.13,0.129,0.129,0.128,0.128,0.127,0.126,0.126,0.125,0.124,0.123,0.123,0.122,0.121,0.12,0.12,0.119,0.119,0.118,0.118,0.117,0.117,0.117,0.117,0.117,0.117,0.117,0.117,0.118,0.119,0.119,0.12,0.121
0.194,0.195,0.196,0.196,0.196,0.196,0.195,0.194,0.193,0.192,0.19,0.189,0.187,0.185,0.183,0.18,0.178,0.176,0.173,0.171,0.168,0.166,0.163,0.161,0.158,0.156,0.154,0.151,0.149,0.147,0.146,0.144,0.143,0.141,0.14,0.139,0.138,0.137,0.136,0.136,0.135,0.135,0.134,0.134,0.133,0.133,0.133,0.132,0.132,0.132,0.132,0.131,0.131,0.131,0.13,0.13,0.13,0.129,0.129,0.128,0.128,0.127,0.126,0.126,0.125,0.124,0.124,0.123,0.122,0.121,0.121,0.12,0.119,0.119,0.118,0.118,0.117,0.117,0.117,0.117,0.117,0.117,0.117,0.117,0.117,0.118,0.119,0.119,0.12,0.121
0.195,0.196,0.197,0.197,0.197,0.196,0.196,0.195,0.193,0.192,0.191,0.189,0.187,0.185,0.183,0.18,0.178,0.176,0.173,0.17,0.168,0.165,0.163,0.16,0.158,0.155,0.153,0.151,0.149,0.147,0.145,0.143,0.142,0.14,0.139,0.138,0.137,0.136,0.136,0.135,0.134,0.134,0.133,0.133,0.133,0.132,0.132,0.132,0.131,0.131,0.131,0.131,0.13,0.13,0.13,0.129,0.129,0.128,0.128,0.127,0.127,0.126,0.126,0.125,0.124,0.124,0.123,0.122,0.122,0.121,0.12,0.12,0.119,0.119,0.118,0.118,0.117,0.117,0.117,0.117,0.117,0.117,0.117,0.117,0.117,0.118,0.119,0.119,0.12,0.121
0.196,0.197,0.197,0.197,0.197,0.197,0.196,0.195,0.194,0.192,0.191,0.189,0.187,0.185,0.183,0.18,0.178,0.175,0.173,0.17,0.168,0.165,0.162,0.16,0.157,0.155,0.152,0.15,0.148,0.146,0.144,0.143,0.141,0.14,0.138,0.137,0.136,0.136,0.135,0.134,0.134,0.133,0.133,0.132,0.132,0.132,0.131,0.131,0.131,0.13,0.13,0.13,0.129,0.129,0.129,0.128,0.128,0.128,0.127,0.127,0.126,0.126,0.125,0.124,0.124,0.123,0.123,0.122,0.121,0.121,0.12,0.119,0.119,0.118,0.118,0.117,0.117,0.117,0.117,0.117,0.117,0.117,0.117,0.117,0.117,0.118,0.119,0.119,0.12,0.121
0.197,0.198,0.198,0.198,0.198,0.197,0.196,0.195,0.194,0.193,0.191,0.189,0.187,0.185,0.183,0.18,0.178,0.175,0.172,0.17,0.167,0.164,0.162,0.159,0.157,0.154,0.152,0.15,0.147,0.145,0.143,0.142,0.14,0.139,0.138,0.137,0.136,0.135,0.134,0.133,0.133,0.132,0.132,0.132,0.131,0.131,0.13,0.13,0.13,0.13,0.129,0.129,0.129,0.128,0.128,0.128,0.127,0.127,0.126,0.126,0.125,0.125,0.124,0.124,0.123,0.123,0.122,0.121,0.121,0.12,0.12,0.119,0.119,0.118,0.118,0.117,0.117,0.117,0.117,0.117,0.117,0.117,0.117,0.117,0.118,0.118,0.119,0.119,0.12,0.121
0.198,0.198,0.199,0.199,0.198,0.198,0.197,0.196,0.194,0.193,0.191,0.189,0.187,0.185,0.182,0.18,0.177,0.175,0.172,0.169,0.167,0.164,0.161,0.159,0.156,0.154,0.151,0.149,0.147,0.145,0.143,0.141,0.139,0.138,0.137,0.136,0.135,0.134,0.133,0.133,0.132,0.132,0.131,0.131,0.13,0.13,0.13,0.129,0.129,0.129,0.128,0.128,0.128,0.128,0.127,0.127,0.126,0.126,0.126,0.125,0.125,0.124,0.124,0.123,0.123,0.122,0.121,0.121,0.12,0.12,0.119,0.119,0.118,0.118,0.118,0.117,0.117,0.117,0.117,0.117,0.117,0.117,0.117,0.117,0.118,0.118,0.119,0.12,0.12,0.122
0.199,0.199,0.199,0.199,0.199,0.198,0.197,0.196,0.195,0.193,0.191,0.189,0.187,0.185,0.182,0.18,0.177,0.175,0.172,0.169,0.166,0.164,0.161,0.158,0.155,0.153,0.15,0.148,0.146,0.144,0.142,0.14,0.139,0.137,0.136,0.135,0.134,0.133,0.132,0.132,0.131,0.131,0.13,0.13,0.13,0.129,0.129,0.129,0.128,0.128,0.128,0.127,0.127,0.127,0.126,0.126,0.126,0.125,0.125,0.124,0.124,0.124,0.123,0.123,0.122,0.121,0.121,0.12,0.12,0.119,0.119,0.118,0.118,0.118,0.117,0.117,0.117,0.117,0.117,0.117,0.117,0.117,0.117,0.117,0.118,0.118,0.119,0.12,0.121,0.122
0.2,0.2,0.2,0.2,0.199,0.199,0.198,0.196,0.195,0.193,0.191,0.189,0.187,0.185,0.182,0.18,0.177,0.174,0.171,0.169,0.166,0.163,0.16,0.158,0.155,0.152,0.15,0.147,0.145,0.143,0.141,0.139,0.138,0.137,0.135,0.134,0.133,0.132,0.132,0.131,0.13,0.13,0.13,0.129,0.129,0.128,0.128,0.128,0.127,0.127,0.127,0.126,0.126,0.126,0.126,0.125,0.125,0.124,0.124,0.124,0.123,0.123,0.122,0.122,0.121,0.121,0.12,0.12,0.119,0.119,0.119,0.118,0.118,0.118,0.117,0.117,0.117,0.117,0.117,0.117,0.117,0.117,0.117,0.117,0.118,0.118,0.119,0.12,0.121,0.122
0.2,0.201,0.201,0.201,0.2,0.199,0.198,0.197,0.195,0.193,0.191,0.189,0.187,0.185,0.182,0.179,0.177,0.174,0.171,0.168,0.165,0.163,0.16,0.157,0.154,0.152,0.149,0.147,0.145,0.142,0.14,0.139,0.137,0.136,0.135,0.133,0.132,0.132,0.131,0.13,0.13,0.129,0.129,0.128,0.128,0.128,0.127,0.127,0.127,0.126,0.126,0.126,0.125,0.125,0.125,0.124,0.124,0.124,0.123,0.123,0.122,0.122,0.122,0.121,0.121,0.12,0.12,0.119,0.119,0.119,0.118,0.118,0.118,0.117,0.117,0.117,0.117,0.117,0.117,0.117,0.117,0.117,0.117,0.118,0.118,0.119,0.119,0.12,0.121,0.122
0.201,0.202,0.202,0.201,0.201,0.2,0.198,0.197,0.195,0.194,0.192,0.189,0.187,0.185,0.182,0.179,0.176,0.174,0.171,0.168,0.165,0.162,0.159,0.156,0.154,0.151,0.149,0.146,0.144,0.142,0.14,0.138,0.136,0.135,0.134,0.133,0.132,0.131,0.13,0.129,0.129,0.128,0.128,0.127,0.127,0.127,0.126,0.126,0.126,0.125,0.125,0.125,0.124,0.124,0.124,0.123,0.123,0.123,0.122,0.122,0.122,0.121,0.121,0.121,0.12,0.12,0.119,0.119,0.119,0.118,0.118,0.118,0.117,0.117,0.117,0.117,0.117,0.117,0.117,0.117,0.117,0.117,0.117,0.118,0.118,0.119,0.119,0.12,0.121,0.122
0.202,0.202,0.202,0.202,0.201,0.2,0.199,0.197,0.196,0.194,0.192,0.189,0.187,0.184,0.182,0.179,0.176,0.173,0.17,0.167,0.165,0.162,0.159,0.156,0.153,0.15,0.148,0.145,0.143,0.141,0.139,0.137,0.136,0.134,0.133,0.132,0.131,0.13,0.129,0.129,0.128,0.127,0.127,0.127,0.126,0.126,0.126,0.125,0.125,0.125,0.124,0.124,0.124,0.123,0.123,0.123,0.122,0.122,0.122,0.121,0.121,0.121,0.12,0.12,0.119,0.119,0.119,0.118,0.118,0.118,0.118,0.117,0.117,0.117,0.117,0.117,0.117,0.117,0.117,0.117,0.117,0.117,0.118,0.118,0.118,0.119,0.119,0.12,0.121,0.122
0.203,0.203,0.203,0.202,0.202,0.201,0.199,0.198,0.196,0.194,0.192,0.189,0.187,0.184,0.182,0.179,0.176,0.173,0.17,0.167,0.164,0.161,0.158,0.155,0.152,0.15,0.147,0.145,0.142,0.14,0.138,0.136,0.135,0.133,0.132,0.131,0.13,0.129,0.128,0.128,0.127,0.127,0.126,0.126,0.125,0.125,0.125,0.124,0.124,0.124,0.123,0.123,0.123,0.122,0.122,0.122,0.121,0.121,0.121,0.12,0.12,0.12,0.12,0.119,0.119,0.119,0.118,0.118,0.118,0.118,0.117,0.117,0.117,0.117,0.117,0.117,0.117,0.117,0.117,0.117,0.117,0.117,0.118,0.118,0.119,0.119,0.12,0.12,0.121,0.122
0.204,0.204,0.204,0.203,0.202,0.201,0.2,0.198,0.196,0.194,0.192,0.189,0.187,0.184,0.181,0.179,0.176,0.173,0.17,0.167,0.164,0.161,0.158,0.155,0.152,0.149,0.147,0.144,0.142,0.139,0.137,0.136,0.134,0.133,0.131,0.13,0.129,0.128,0.128,0.127,0.126,0.126,0.125,0.125,0.125,0.124,0.124,0.123,0.123,0.123,0.122,0.122,0.122,0.122,0.121,0.121,0.121,0.12,0.12,0.12,0.119,0.119,0.119,0.119,0.118,0.118,0.118,0.118,0.117,0.117,0.117,0.117,0.117,0.117,0.117,0.117,0.117,0.117,0.117,0.117,0.117,0.118,0.118,0.118,0.119,0.119,0.12,0.12,0.121,0.122
0.205,0.205,0.204,0.204,0.203,0.201,0.2,0.198,0.196,0.194,0.192,0.189,0.187,0.184,0.181,0.178,0.175,0.172,0.169,0.166,0.163,0.16,0.157,0.154,0.151,0.149,0.146,0.143,0.141,0.139,0.137,0.135,0.133,0.132,0.13,0.129,0.128,0.127,0.127,0.126,0.125,0.125,0.124,0.124,0.124,0.123,0.123,0.123,0.122,0.122,0.122,0.121,0.121,0.121,0.12,0.12,0.12,0.119,0.119,0.119,0.119,0.118,0.118,0.118,0.118,0.117,0.117,0.117,0.117,0.117,0.117,0.117,0.117,0.117,0.117,0.117,0.117,0.117,0.117,0.117,0.117,0.118,0.118,0.118,0.119,0.119,0.12,0.121,0.121,0.122
0.205,0.205,0.205,0.204,0.203,0.202,0.2,0.198,0.196,0.194,0.192,0.189,0.187,0.184,0.181,0.178,0.175,0.172,0.169,0.166,0.163,0.16,0.157,0.154,0.151,0.148,0.145,0.143,0.14,0.138,0.136,0.134,0.132,0.131,0.13,0.129,0.128,0.127,0.126,0.125,0.125,0.124,0.124,0.123,0.123,0.122,0.122,0.122,0.121,0.121,0.121,0.12,0.12,0.12,0.119,0.119,0.119,0.119,0.118,0.118,0.118,0.118,0.117,0.117,0.117,0.117,0.117,0.117,0.117,0.116,0.116,0.116,0.116,0.116,0.116,0.117,0.117,0.117,0.117,0.117,0.118,0.118,0.118,0.119,0.119,0.12,0.12,0.121,0.121,0.122
0.206,0.206,0.205,0.205,0.204,0.202,0.201,0.199,0.197,0.194,0.192,0.189,0.187,0.184,0.181,0.178,0.175,0.172,0.169,0.165,0.162,0.159,0.156,0.153,0.15,0.147,0.145,0.142,0.14,0.137,0.135,0.133,0.132,0.13,0.129,0.128,0.127,0.126,0.125,0.124,0.124,0.123,0.123,0.122,0.122,0.122,0.121,0.121,0.12,0.12,0.12,0.119,0.119,0.119,0.119,0.118,0.118,0.118,0.118,0.117,0.117,0.117,0.117,0.117,0.116,0.116,0.116,0.116,0.116,0.116,0.116,0.116,0.116,0.116,0.116,0.116,0.117,0.117,0.117,0.117,0.118,0.118,0.118,0.119,0.119,0.12,0.12,0.121,0.121,0.122
0.207,0.207,0.206,0.205,0.204,0.202,0.201,0.199,0.197,0.194,0.192,0.189,0.187,0.184,0.181,0.178,0.175,0.171,0.168,0.165,0.162,0.159,0.156,0.153,0.15,0.147,0.144,0.141,0.139,0.137,0.135,0.133,0.131,0.129,0.128,0.127,0.126,0.125,0.124,0.123,0.123,0.122,0.122,0.121,0.121,0.121,0.12,0.12,0.12,0.119,0.119,0.119,0.118,0.118,0.118,0.117,0.117,0.117,0.117,0.117,0.116,0.116,0.116,0.116,0.116,0.116,0.116,0.116,0.116,0.116,0.116,0.116,0.116,0.116,0.116,0.116,0.117,0.117,0.117,0.117,0.118,0.118,0.118,0.119,0.119,0.12,0.12,0.121,0.121,0.122
0.208,0.207,0.207,0.206,0.204,0.203,0.201,0.199,0.197,0.195,0.192,0.189,0.186,0.184,0.181,0.177,0.174,0.171,0.168,0.165,0.161,0.158,0.155,0.152,0.149,0.146,0.143,0.141,0.138,0.136,0.134,0.132,0.13,0.129,0.127,0.126,0.125,0.124,0.123,0.123,0.122,0.121,0.121,0.12,0.12,0.12,0.119,0.119,0.119,0.118,0.118,0.118,0.117,0.117,0.117,0.117,0.116,0.116,0.116,0.116,0.116,0.116,0.116,0.115,0.115,0.115,0.115,0.115,0.115,0.115,0.116,0.116,0.116,0.116,0.116,0.116,0.117,0.117,0.117,0.117,0.118,0.118,0.119,0.119,0.119,0.12,0.12,0.121,0.121,0.122
0.208,0.208,0.207,0.206,0.205,0.203,0.201,0.199,0.197,0.195,0.192,0.189,0.186,0.183,0.18,0.177,0.174,0.171,0.167,0.164,0.161,0.158,0.155,0.151,0.148,0.146,0.143,0.14,0.138,0.135,0.133,0.131,0.129,0.128,0.127,0.125,0.124,0.123,0.122,0.122,0.121,0.121,0.12,0.12,0.119,0.119,0.118,0.118,0.118,0.117,0.117,0.117,0.117,0.116,0.116,0.116,0.116,0.115,0.115,0.115,0.115,0.115,0.115,0.115,0.115,0.115,0.115,0.115,0.115,0.115,0.115,0.115,0.116,0.116,0.116,0.116,0.117,0.117,0.117,0.118,0.118,0.118,0.119,0.119,0.12,0.12,0.121,0.121,0.122,0.122
0.209,0.208,0.207,0.206,0.205,0.203,0.201,0.199,0.197,0.195,0.192,0.189,0.186,0.183,0.18,0.177,0.174,0.17,0.167,0.164,0.161,0.157,0.154,0.151,0.148,0.145,0.142,0.139,0.137,0.135,0.132,0.13,0.129,0.127,0.126,0.124,0.123,0.122,0.122,0.121,0.12,0.12,0.119,0.119,0.118,0.118,0.118,0.117,0.117,0.117,0.116,0.116,0.116,0.115,0.115,0.115,0.115,0.115,0.115,0.114,0.114,0.114,0.114,0.114,0.114,0.114,0.114,0.115,0.115,0.115,0.115,0.115,0.115,0.116,0.116,0.116,0.117,0.117,0.117,0.118,0.118,0.118,0.119,0.119,0.12,0.12,0.121,0.121,0.122,0.122
0.209,0.209,0.208,0.207,0.205,0.204,0.202,0.199,0.197,0.195,0.192,0.189,0.186,0.183,0.18,0.177,0.173,0.17,0.167,0.163,0.16,0.157,0.154,0.15,0.147,0.144,0.142,0.139,0.136,0.134,0.132,0.13,0.128,0.126,0.125,0.124,0.123,0.122,0.121,0.12,0.119,0.119,0.118,0.118,0.117,0.117,0.117,0.116,0.116,0.116,0.115,0.115,0.115,0.115,0.114,0.114,0.114,0.114,0.114,0.114,0.114,0.114,0.114,0.114,0.114,0.114,0.114,0.114,0.114,0.115,0.115,0.115,0.115,0.116,0.116,0.116,0.116,0.117,0.117,0.118,0.118,0.118,0.119,0.119,0.12,0.12,0.121,0.121,0.122,0.122
0.21,0.209,0.208,0.207,0.205,0.204,0.202,0.2,0.197,0.195,0.192,0.189,0.186,0.183,0.18,0.176,0.173,0.17,0.166,0.163,0.16,0.156,0.153,0.15,0.147,0.144,0.141,0.138,0.136,0.133,0.131,0.129,0.127,0.126,0.124,0.123,0.122,0.121,0.12,0.119,0.118,0.118,0.117,0.117,0.116,0.116,0.116,0.115,0.115,0.115,0.114,0.114,0.114,0.114,0.114,0.113,0.113,0.113,0.113,0.113,0.113,0.113,0.113,0.113,0.113,0.113,0.114,0.114,0.114,0.114,0.115,0.115,0.115,0.115,0.116,0.116,0.116,0.117,0.117,0.118,0.118,0.118,0.119,0.119,0.12,0.12,0.121,0.121,0.122,0.122
0.21,0.21,0.209,0.207,0.206,0.204,0.202,0.2,0.197,0.195,0.192,0.189,0.186,0.183,0.179,0.176,0.173,0.169,0.166,0.163,0.159,0.156,0.153,0.149,0.146,0.143,0.14,0.138,0.135,0.133,0.13,0.128,0.127,0.125,0.123,0.122,0.121,0.12,0.119,0.118,0.118,0.117,0.116,0.116,0.116,0.115,0.115,0.114,0.114,0.114,0.114,0.113,0.113,0.113,0.113,0.113,0.113,0.113,0.112,0.112,0.113,0.113,0.113,0.113,0.113,0.113,0.113,0.113,0.114,0.114,0.114,0.115,0.115,0.115,0.116,0.116,0.116,0.117,0.117,0.118,0.118,0.118,0.119,0.119,0.12,0.12,0.121,0.121,0.122,0.122
0.211,0.21,0.209,0.207,0.206,0.204,0.202,0.2,0.197,0.194,0.192,0.189,0.186,0.183,0.179,0.176,0.173,0.169,0.166,0.162,0.159,0.156,0.152,0.149,0.146,0.143,0.14,0.137,0.134,0.132,0.13,0.128,0.126,0.124,0.123,0.121,0.12,0.119,0.118,0.117,0.117,0.116,0.116,0.115,0.115,0.114,0.114,0.114,0.113,0.113,0.113,0.113,0.112,0.112,0.112,0.112,0.112,0.112,0.112,0.112,0.112,0.112,0.112,0.112,0.112,0.113,0.113,0.113,0.113,0.114,0.114,0.114,0.115,0.115,0.115,0.116,0.116,0.117,0.117,0.118,0.118,0.118,0.119,0.119,0.12,0.12,0.121,0.121,0.122,0.122
0.211,0.21,0.209,0.208,0.206,0.204,0.202,0.2,0.197,0.194,0.192,0.189,0.185,0.182,0.179,0.176,0.172,0.169,0.165,0.162,0.158,0.155,0.152,0.148,0.145,0.142,0.139,0.136,0.134,0.131,0.129,0.127,0.125,0.123,0.122,0.121,0.119,0.118,0.117,0.117,0.116,0.115,0.115,0.114,0.114,0.113,0.113,0.113,0.112,0.112,0.112,0.112,0.112,0.111,0.111,0.111,0.111,0.111,0.111,0.111,0.111,0.111,0.112,0.112,0.112,0.112,0.113,0.113,0.113,0.113,0.114,0.114,0.115,0.115,0.115,0.116,0.116,0.117,0.117,0.118,0.118,0.119,0.119,0.119,0.12,0.12,0.121,0.121,0.122,0.122
0.211,0.211,0.209,0.208,0.206,0.204,0.202,0.2,0.197,0.194,0.191,0.188,0.185,0.182,0.179,0.175,0.172,0.168,0.165,0.162,0.158,0.155,0.151,0.148,0.145,0.142,0.139,0.136,0.133,0.131,0.128,0.126,0.124,0.123,0.121,0.12,0.119,0.118,0.117,0.116,0.115,0.114,0.114,0.113,0.113,0.113,0.112,0.112,0.112,0.111,0.111,0.111,0.111,0.111,0.111,0.111,0.111,0.111,0.111,0.111,0.111,0.111,0.111,0.111,0.112,0.112,0.112,0.112,0.113,0.113,0.114,0.114,0.114,0.115,0.115,0.116,0.116,0.117,0.117,0.118,0.118,0.119,0.119,0.119,0.12,0.12,0.121,0.121,0.122,0.122
0.212,0.211,0.21,0.208,0.206,0.204,0.202,0.2,0.197,0.194,0.191,0.188,0.185,0.182,0.178,0.175,0.172,0.168,0.165,0.161,0.158,0.154,0.151,0.148,0.144,0.141,0.138,0.135,0.133,0.13,0.128,0.126,0.124,0.122,0.121,0.119,0.118,0.117,0.116,0.115,0.114,0.114,0.113,0.113,0.112,0.112,0.111,0.111,0.111,0.111,0.11,0.11,0.11,0.11,0.11,0.11,0.11,0.11,0.11,0.11,0.11,0.11,0.111,0.111,0.111,0.112,0.112,0.112,0.113,0.113,0.113,0.114,0.114,0.115,0.115,0.116,0.116,0.117,0.117,0.118,0.118,0.119,0.119,0.119,0.12,0.12,0.121,0.121,0.122,0.122
0.212,0.211,0.21,0.208,0.206,0.204,0.202,0.2,0.197,0.194,0.191,0.188,0.185,0.182,0.178,0.175,0.171,0.168,0.164,0.161,0.157,0.154,0.15,0.147,0.144,0.141,0.138,0.135,0.132,0.13,0.127,0.125,0.123,0.121,0.12,0.118,0.117,0.116,0.115,0.114,0.113,0.113,0.112,0.112,0.111,0.111,0.111,0.11,0.11,0.11,0.11,0.109,0.109,0.109,0.109,0.109,0.109,0.109,0.109,0.11,0.11,0.11,0.11,0.111,0.111,0.111,0.112,0.112,0.112,0.113,0.113,0.114,0.114,0.114,0.115,0.115,0.116,0.116,0.117,0.117,0.118,0.118,0.119,0.12,0.12,0.12,0.121,0.121,0.122,0.122
0.212,0.211,0.21,0.208,0.206,0.204,0.202,0.2,0.197,0.194,0.191,0.188,0.185,0.181,0.178,0.174,0.171,0.167,0.164,0.16,0.157,0.153,0.15,0.147,0.143,0.14,0.137,0.134,0.131,0.129,0.127,0.124,0.122,0.121,0.119,0.118,0.116,0.115,0.114,0.113,0.113,0.112,0.111,0.111,0.111,0.11,0.11,0.11,0.109,0.109,0.109,0.109,0.109,0.109,0.109,0.109,0.109,0.109,0.109,0.109,0.109,0.11,0.11,0.11,0.11,0.111,0.111,0.112,0.112,0.112,0.113,0.113,0.114,0.114,0.115,0.115,0.116,0.116,0.117,0.117,0.118,0.118,0.119,0.119,0.12,0.12,0.121,0.121,0.122,0.122
0.212,0.211,0.21,0.208,0.206,0.204,0.202,0.199,0.197,0.194,0.191,0.188,0.184,0.181,0.178,0.174,0.171,0.167,0.163,0.16,0.156,0.153,0.149,0.146,0.143,0.14,0.137,0.134,0.131,0.128,0.126,0.124,0.122,0.12,0.118,0.117,0.116,0.115,0.114,0.113,0.112,0.111,0.111,0.11,0.11,0.109,0.109,0.109,0.109,0.108,0.108,0.108,0.108,0.108,0.108,0.108,0.108,0.108,0.108,0.109,0.109,0.109,0.109,0.11,0.11,0.11,0.111,0.111,0.112,0.112,0.113,0.113,0.114,0.114,0.115,0.115,0.116,0.116,0.117,0.117,0.118,0.118,0.119,0.119,0.12,0.12,0.121,0.121,0.122,0.122
0.212,0.211,0.21,0.208,0.206,0.204,0.202,0.199,0.197,0.194,0.191,0.187,0.184,0.181,0.177,0.174,0.17,0.167,0.163,0.16,0.156,0.152,0.149,0.146,0.142,0.139,0.136,0.133,0.13,0.128,0.125,0.123,0.121,0.119,0.118,0.116,0.115,0.114,0.113,0.112,0.111,0.111,0.11,0.11,0.109,0.109,0.108,0.108,0.108,0.108,0.108,0.108,0.107,0.107,0.107,0.108,0.108,0.108,0.108,0.108,0.108,0.109,0.109,0.109,0.11,0.11,0.111,0.111,0.112,0.112,0.112,0.113,0.114,0.114,0.115,0.115,0.116,0.116,0.117,0.117,0.118,0.118,0.119,0.119,0.12,0.12,0.121,0.121,0.122,0.122
0.212,0.211,0.21,0.208,0.206,0.204,0.202,0.199,0.196,0.193,0.19,0.187,0.184,0.181,0.177,0.174,0.17,0.166,0.163,0.159,0.156,0.152,0.148,0.145,0.142,0.139,0.135,0.133,0.13,0.127,0.125,0.123,0.121,0.119,0.117,0.116,0.114,0.113,0.112,0.111,0.111,0.11,0.109,0.109,0.108,0.108,0.108,0.108,0.107,0.107,0.107,0.107,0.107,0.107,0.107,0.107,0.107,0.107,0.108,0.108,0.108,0.108,0.109,0.109,0.109,0.11,0.11,0.111,0.111,0.112,0.112,0.113,0.113,0.114,0.114,0.115,0.116,0.116,0.117,0.117,0.118,0.118,0.119,0.119,0.12,0.12,0.121,0.121,0.122,0.122
0.213,0.211,0.21,0.208,0.206,0.204,0.202,0.199,0.196,0.193,0.19,0.187,0.184,0.18,0.177,0.173,0.17,0.166,0.162,0.159,0.155,0.152,0.148,0.145,0.141,0.138,0.135,0.132,0.129,0.127,0.124,0.122,0.12,0.118,0.117,0.115,0.114,0.113,0.112,0.111,0.11,0.109,0.109,0.108,0.108,0.107,0.107,0.107,0.107,0.107,0.106,0.106,0.106,0.106,0.106,0.107,0.107,0.107,0.107,0.107,0.108,0.108,0.108,0.109,0.109,0.11,0.11,0.111,0.111,0.112,0.112,0.113,0.113,0.114,0.114,0.115,0.116,0.116,0.117,0.117,0.118,0.118,0.119,0.119,0.12,0.12,0.121,0.121,0.122,0.122
0.212,0.211,0.21,0.208,0.206,0.204,0.201,0.199,0.196,0.193,0.19,0.187,0.183,0.18,0.176,0.173,0.169,0.166,0.162,0.158,0.155,0.151,0.148,0.144,0.141,0.137,0.134,0.131,0.129,0.126,0.124,0.121,0.119,0.118,0.116,0.114,0.113,0.112,0.111,0.11,0.109,0.109,0.108,0.108,0.107,0.107,0.107,0.106,0.106,0.106,0.106,0.106,0.106,0.106,0.106,0.106,0.106,0.107,0.107,0.107,0.107,0.108,0.108,0.108,0.109,0.109,0.11,0.11,0.111,0.111,0.112,0.112,0.113,0.114,0.114,0.115,0.115,0.116,0.117,0.117,0.118,0.118,0.119,0.119,0.12,0.12,0.121,0.121,0.122,0.122
0.212,0.211,0.21,0.208,0.206,0.204,0.201,0.199,0.196,0.193,0.19,0.186,0.183,0.18,0.176,0.172,0.169,0.165,0.161,0.158,0.154,0.151,0.147,0.144,0.14,0.137,0.134,0.131,0.128,0.125,0.123,0.121,0.119,0.117,0.115,0.114,0.113,0.111,0.11,0.11,0.109,0.108,0.108,0.107,0.107,0.106,0.106,0.106,0.106,0.106,0.105,0.105,0.105,0.106,0.106,0.106,0.106,0.106,0.106,0.107,0.107,0.107,0.108,0.108,0.109,0.109,0.11,0.11,0.111,0.111,0.112,0.112,0.113,0.114,0.114,0.115,0.115,0.116,0.117,0.117,0.118,0.118,0.119,0.119,0.12,0.12,0.121,0.121,0.122,0.122
0.212,0.211,0.21,0.208,0.206,0.204,0.201,0.198,0.196,0.193,0.189,0.186,0.183,0.179,0.176,0.172,0.168,0.165,0.161,0.157,0.154,0.15,0.147,0.143,0.14,0.136,0.133,0.13,0.128,0.125,0.122,0.12,0.118,0.116,0.115,0.113,0.112,0.111,0.11,0.109,0.108,0.108,0.107,0.107,0.106,0.106,0.106,0.105,0.105,0.105,0.105,0.105,0.105,0.105,0.105,0.105,0.106,0.106,0.106,0.106,0.107,0.107,0.108,0.108,0.108,0.109,0.109,0.11,0.11,0.111,0.112,0.112,0.113,0.113,0.114,0.115,0.115,0.116,0.116,0.117,0.118,0.118,0.119,0.119,0.12,0.12,0.121,0.121,0.122,0.122
0.212,0.211,0.209,0.208,0.206,0.203,0.201,0.198,0.195,0.192,0.189,0.186,0.182,0.179,0.175,0.172,0.168,0.164,0.161,0.157,0.153,0.15,0.146,0.143,0.139,0.136,0.133,0.13,0.127,0.124,0.122,0.12,0.118,0.116,0.114,0.113,0.112,0.11,0.109,0.109,0.108,0.107,0.107,0.106,0.106,0.105,0.105,0.105,0.105,0.105,0.105,0.105,0.105,0.105,0.105,0.105,0.105,0.106,0.106,0.106,0.106,0.107,0.107,0.108,0.108,0.109,0.109,0.11,0.11,0.111,0.111,0.112,0.113,0.113,0.114,0.115,0.115,0.116,0.116,0.117,0.118,0.118,0.119,0.119,0.12,0.12,0.121,0.121,0.122,0.122
0.212,0.211,0.209,0.207,0.205,0.203,0.201,0.198,0.195,0.192,0.189,0.185,0.182,0.178,0.175,0.171,0.167,0.164,0.16,0.156,0.153,0.149,0.145,0.142,0.139,0.135,0.132,0.129,0.126,0.124,0.121,0.119,0.117,0.115,0.114,0.112,0.111,0.11,0.109,0.108,0.107,0.107,0.106,0.106,0.105,0.105,0.105,0.105,0.105,0.104,0.104,0.104,0.104,0.105,0.105,0.105,0.105,0.105,0.106,0.106,0.106,0.107,0.107,0.107,0.108,0.108,0.109,0.11,0.11,0.111,0.111,0.112,0.113,0.113,0.114,0.114,0.115,0.116,0.116,0.117,0.118,0.118,0.119,0.119,0.12,0.12,0.121,0.121,0.122,0.122
0.212,0.21,0.209,0.207,0.205,0.203,0.2,0.198,0.195,0.192,0.188,0.185,0.182,0.178,0.174,0.171,0.167,0.163,0.16,0.156,0.152,0.148,0.145,0.141,0.138,0.135,0.132,0.129,0.126,0.123,0.121,0.119,0.117,0.115,0.113,0.112,0.111,0.109,0.109,0.108,0.107,0.106,0.106,0.105,0.105,0.105,0.105,0.104,0.104,0.104,0.104,0.104,0.104,0.104,0.104,0.105,0.105,0.105,0.105,0.106,0.106,0.106,0.107,0.107,0.108,0.108,0.109,0.109,0.11,0.111,0.111,0.112,0.112,0.113,0.114,0.114,0.115,0.116,0.116,0.117,0.117,0.118,0.119,0.119,0.12,0.12,0.121,0.121,0.122,0.122
0.211,0.21,0.209,0.207,0.205,0.202,0.2,0.197,0.194,0.191,0.188,0.185,0.181,0.178,0.174,0.17,0.167,0.163,0.159,0.155,0.152,0.148,0.144,0.141,0.137,0.134,0.131,0.128,0.125,0.123,0.12,0.118,0.116,0.114,0.113,0.111,0.11,0.109,0.108,0.107,0.107,0.106,0.106,0.105,0.105,0.105,0.104,0.104,0.104,0.104,0.104,0.104,0.104,0.104,0.104,0.104,0.105,0.105,0.105,0.105,0.106,0.106,0.107,0.107,0.108,0.108,0.109,0.109,0.11,0.11,0.111,0.112,0.112,0.113,0.114,0.114,0.115,0.116,0.116,0.117,0.117,0.118,0.119,0.119,0.12,0.12,0.121,0.121,0.122,0.122
0.211,0.21,0.208,0.207,0.204,0.202,0.2,0.197,0.194,0.191,0.188,0.184,0.181,0.177,0.174,0.17,0.166,0.162,0.159,0.155,0.151,0.147,0.144,0.14,0.137,0.134,0.13,0.127,0.125,0.122,0.12,0.117,0.116,0.114,0.112,0.111,0.11,0.109,0.108,0.107,0.106,0.106,0.105,0.105,0.105,0.105,0.104,0.104,0.104,0.104,0.104,0.104,0.104,0.104,0.104,0.104,0.104,0.105,0.105,0.105,0.106,0.106,0.106,0.107,0.107,0.108,0.108,0.109,0.11,0.11,0.111,0.111,0.112,0.113,0.113,0.114,0.115,0.115,0.116,0.117,0.117,0.118,0.119,0.119,0.12,0.12,0.121,0.121,0.122,0.122
0.211,0.21,0.208,0.206,0.204,0.202,0.199,0.196,0.194,0.19,0.187,0.184,0.18,0.177,0.173,0.169,0.166,0.162,0.158,0.154,0.15,0.147,0.143,0.14,0.136,0.133,0.13,0.127,0.124,0.121,0.119,0.117,0.115,0.113,0.112,0.111,0.109,0.108,0.108,0.107,0.106,0.106,0.105,0.105,0.105,0.104,0.104,0.104,0.104,0.104,0.104,0.104,0.104,0.104,0.104,0.104,0.104,0.105,0.105,0.105,0.106,0.106,0.106,0.107,0.107,0.108,0.108,0.109,0.109,0.11,0.111,0.111,0.112,0.113,0.113,0.114,0.115,0.115,0.116,0.117,0.117,0.118,0.119,0.119,0.12,0.12,0.121,0.121,0.122,0.122
0.21,0.209,0.208,0.206,0.204,0.201,0.199,0.196,0.193,0.19,0.187,0.183,0.18,0.176,0.173,0.169,0.165,0.161,0.157,0.154,0.15,0.146,0.143,0.139,0.136,0.132,0.129,0.126,0.123,0.121,0.119,0.116,0.115,0.113,0.111,0.11,0.109,0.108,0.107,0.107,0.106,0.106,0.105,0.105,0.105,0.104,0.104,0.104,0.104,0.104,0.104,0.104,0.104,0.104,0.104,0.104,0.104,0.105,0.105,0.105,0.105,0.106,0.106,0.107,0.107,0.108,0.108,0.109,0.109,0.11,0.111,0.111,0.112,0.113,0.113,0.114,0.115,0.115,0.116,0.117,0.117,0.118,0.119,0.119,0.12,0.12,0.121,0.121,0.122,0.122
0.21,0.209,0.207,0.205,0.203,0.201,0.198,0.196,0.193,0.19,0.186,0.183,0.179,0.176,0.172,0.168,0.164,0.161,0.157,0.153,0.149,0.146,0.142,0.138,0.135,0.132,0.129,0.126,0.123,0.12,0.118,0.116,0.114,0.112,0.111,0.11,0.109,0.108,0.107,0.106,0.106,0.106,0.105,0.105,0.105,0.105,0.104,0.104,0.104,0.104,0.104,0.104,0.104,0.104,0.104,0.104,0.104,0.105,0.105,0.105,0.105,0.106,0.106,0.107,0.107,0.108,0.108,0.109,0.109,0.11,0.11,0.111,0.112,0.112,0.113,0.114,0.115,0.115,0.116,0.117,0.117,0.118,0.119,0.119,0.12,0.12,0.121,0.121,0.122,0.122
0.209,0.208,0.207,0.205,0.203,0.201,0.198,0.195,0.192,0.189,0.186,0.182,0.179,0.175,0.171,0.168,0.164,0.16,0.156,0.152,0.149,0.145,0.141,0.138,0.134,0.131,0.128,0.125,0.122,0.12,0.117,0.115,0.114,0.112,0.111,0.11,0.109,0.108,0.107,0.106,0.106,0.106,0.105,0.105,0.105,0.105,0.105,0.104,0.104,0.104,0.104,0.104,0.104,0.104,0.104,0.104,0.104,0.105,0.105,0.105,0.105,0.106,0.106,0.106,0.107,0.107,0.108,0.109,0.109,0.11,0.11,0.111,0.112,0.112,0.113,0.114,0.114,0.115,0.116,0.117,0.117,0.118,0.119,0.119,0.12,0.12,0.121,0.121,0.122,0.122
0.209,0.208,0.206,0.204,0.202,0.2,0.198,0.195,0.192,0.189,0.185,0.182,0.178,0.175,0.171,0.167,0.163,0.159,0.156,0.152,0.148,0.144,0.141,0.137,0.134,0.13,0.127,0.124,0.122,0.119,0.117,0.115,0.113,0.112,0.11,0.109,0.108,0.108,0.107,0.106,0.106,0.106,0.105,0.105,0.105,0.105,0.105,0.105,0.105,0.105,0.104,0.104,0.104,0.104,0.104,0.104,0.104,0.105,0.105,0.105,0.105,0.106,0.106,0.106,0.107,0.107,0.108,0.108,0.109,0.11,0.11,0.111,0.112,0.112,0.113,0.114,0.114,0.115,0.116,0.117,0.117,0.118,0.119,0.119,0.12,0.12,0.121,0.121,0.122,0.122
0.209,0.208,0.206,0.204,0.202,0.2,0.198,0.195,0.192,0.189,0.185,0.182,0.178,0.175,0.171,0.167,0.163,0.159,0.156,0.152,0.148,0.144,0.141,0.137,0.134,0.13,0.127,0.124,0.122,0.119,0.117,0.115,0.113,0.112,0.11,0.109,0.108,0.108,0.107,0.106,0.106,0.106,0.105,0.105,0.105,0.105,0.105,0.105,0.105,0.105,0.104,0.104,0.104,0.104,0.104,0.104,0.104,0.105,0.105,0.105,0.105,0.106,0.106,0.106,0.107,0.107,0.108,0.108,0.109,0.11,0.11,0.111,0.112,0.112,0.113,0.114,0.114,0.115,0.116,0.117,0.117,0.118,0.119,0.119,0.12,0.12,0.121,0.121,0.122,0.122